Date,Volume,Turnover,Open,High,Low,Close,Change,Trades,Daily_Return,Log_Return,MA20,MA60,Volatility20,Volume_MA20,Volume_Ratio,Return_Outlier,Regime
2021-01-04,39489959.0,21127581248.0,530.0,540.0,528.0,536.0,6.0,33316.0,,,,,,,,False,Insufficient history
2021-01-05,34839391.0,18761831567.0,536.0,542.0,535.0,542.0,6.0,28512.0,0.011194029850746245,0.011131840368844199,,,,,,False,Insufficient history
2021-01-06,55614434.0,30572783229.0,555.0,555.0,541.0,549.0,7.0,55462.0,0.012915129151291449,0.01283244006988436,,,,,,False,Insufficient history
2021-01-07,53392763.0,30018630685.0,554.0,570.0,553.0,565.0,16.0,47905.0,0.02914389799635697,0.02872728963691027,,,,,,False,Insufficient history
2021-01-08,62957148.0,36339702855.0,580.0,580.0,571.0,580.0,15.0,56426.0,0.026548672566371723,0.026202372394024117,,,,,,False,Insufficient history
2021-01-11,52771778.0,30535694908.0,577.0,584.0,574.0,584.0,4.0,49539.0,0.006896551724137945,0.0068728792877620504,,,,,,False,Insufficient history
2021-01-12,52605212.0,30958142918.0,583.0,597.0,582.0,591.0,7.0,59595.0,0.011986301369863117,0.011915034577871244,,,,,,False,Insufficient history
2021-01-13,75707681.0,45419255149.0,595.0,605.0,593.0,605.0,14.0,59966.0,0.02368866328257191,0.02341244062474326,,,,,,False,Insufficient history
2021-01-14,90309708.0,53477747672.0,587.0,597.0,587.0,592.0,-13.0,111849.0,-0.02148760330578514,-0.021721823146835798,,,,,,False,Insufficient history
2021-01-15,100998199.0,61876473170.0,621.0,625.0,601.0,601.0,9.0,105961.0,0.01520270270270263,0.015088299651201826,,,,,,False,Insufficient history
2021-01-18,50388664.0,30406611574.0,608.0,608.0,594.0,607.0,6.0,49008.0,0.009983361064891838,0.009933856524290675,,,,,,False,Insufficient history
2021-01-19,52947466.0,32934404720.0,618.0,632.0,613.0,627.0,20.0,55490.0,0.03294892915980241,0.032417749573422534,,,,,,False,Insufficient history
2021-01-20,95484470.0,61279319857.0,633.0,650.0,631.0,647.0,20.0,95577.0,0.03189792663476876,0.031399753867979885,,,,,,False,Insufficient history
2021-01-21,97590371.0,64624578866.0,640.0,679.0,640.0,673.0,26.0,115004.0,0.040185471406491535,0.039399035143827275,,,,,,False,Insufficient history
2021-01-22,134238314.0,88023707664.0,649.0,665.0,649.0,649.0,-24.0,235186.0,-0.03566121842496284,-0.03631261294063779,,,,,,False,Insufficient history
2021-01-25,98608285.0,62583576696.0,642.0,646.0,626.0,633.0,-16.0,154134.0,-0.024653312788906034,-0.024962294559913834,,,,,,False,Insufficient history
2021-01-26,114797609.0,71638808826.0,632.0,640.0,610.0,617.0,-16.0,177764.0,-0.025276461295418606,-0.025601398238788337,,,,,,False,Insufficient history
2021-01-27,72823691.0,44931754892.0,618.0,625.0,611.0,615.0,-2.0,77274.0,-0.0032414910858995505,-0.0032467560988699807,,,,,,False,Insufficient history
2021-01-28,104181514.0,62647021616.0,600.0,608.0,598.0,601.0,-14.0,157835.0,-0.02276422764227637,-0.023027333271310235,,,,,,False,Insufficient history
2021-01-29,96875889.0,58399782288.0,619.0,619.0,591.0,591.0,-10.0,129394.0,-0.016638935108153063,-0.016778917129109366,600.25,,,76831127.3,1.2608937601778492,False,Insufficient history
2021-02-01,70161939.0,42004241697.0,595.0,612.0,587.0,611.0,20.0,81346.0,0.03384094754653133,0.03328094176549715,604.0,,0.37572822154810126,78364726.3,0.8953255158628686,False,Insufficient history
2021-02-02,80724207.0,50938461582.0,629.0,638.0,622.0,632.0,21.0,82687.0,0.03436988543371533,0.03379243497526221,608.5,,0.3880965422969076,80658967.1,1.000808836293665,False,Insufficient history
2021-02-03,59763227.0,37926170035.0,638.0,642.0,630.0,630.0,-2.0,56515.0,-0.0031645569620253333,-0.0031695747612790672,612.55,,0.3895867211446046,80866406.75,0.7390365097432748,False,Insufficient history
2021-02-04,47547873.0,29765963971.0,626.0,632.0,620.0,627.0,-3.0,44668.0,-0.004761904761904745,-0.004773278752657659,615.65,,0.3827764565626996,80574162.25,0.5901131537982575,False,Insufficient history
2021-02-05,57350831.0,36435290641.0,638.0,641.0,631.0,632.0,5.0,51140.0,0.00797448165869219,0.007942853513936731,618.25,,0.37482204956776594,80293846.4,0.7142618465965033,False,Insufficient history
2021-02-17,115578402.0,76728732025.0,663.0,668.0,660.0,663.0,31.0,91925.0,0.049050632911392444,0.04788559603900512,622.2,,0.4068009891813331,83434177.6,1.3852644722418888,True,Insufficient history
2021-02-18,54520341.0,36024245089.0,664.0,665.0,656.0,660.0,-3.0,49914.0,-0.004524886877828038,-0.004535155165391262,625.65,,0.4081609394324916,83529934.05,0.6527042265754069,False,Insufficient history
2021-02-19,51651844.0,33676514428.0,656.0,657.0,647.0,652.0,-8.0,63171.0,-0.012121212121212088,-0.012195273093818243,628.0,,0.40719332937179575,82327142.2,0.6273975097364669,False,Insufficient history
2021-02-22,39512078.0,25885948680.0,660.0,662.0,650.0,650.0,-2.0,47116.0,-0.0030674846625766694,-0.0030721990369701403,630.9,,0.3969881541344441,79787260.7,0.4952178788110719,False,Insufficient history
2021-02-23,52868029.0,33779796222.0,641.0,643.0,633.0,641.0,-9.0,73349.0,-0.013846153846153841,-0.01394290596901275,632.9,,0.40044214219301805,77380752.2,0.6832193729954462,False,Insufficient history
2021-02-24,80010637.0,50333904697.0,627.0,636.0,625.0,625.0,-16.0,138264.0,-0.0249609984399376,-0.02527780718426854,633.8,,0.4120129946849469,78861850.85,1.0145670706129515,False,Insufficient history
2021-02-25,45279276.0,28634410089.0,636.0,636.0,628.0,635.0,10.0,46506.0,0.016000000000000014,0.015873349156290163,634.2,,0.3991999662103758,78478441.35,0.5769645168927657,False,Insufficient history
2021-02-26,137933162.0,84194194399.0,611.0,618.0,606.0,606.0,-29.0,212428.0,-0.04566929133858266,-0.04674501282337718,632.15,,0.4140720916410712,80600875.95,1.7113109550517236,True,Insufficient history
2021-03-02,57792973.0,35565213485.0,621.0,622.0,609.0,609.0,3.0,71325.0,0.004950495049504955,0.004938281640582577,628.95,,0.3831254808870358,78611006.05,0.7351766108074126,False,Insufficient history
2021-03-03,61171387.0,37550028241.0,609.0,622.0,601.0,622.0,13.0,57677.0,0.021346469622331776,0.021121825029282504,627.6,,0.3754016910862245,74957659.7,0.8160792005089774,False,Insufficient history
2021-03-04,75508388.0,45662897489.0,609.0,611.0,601.0,601.0,-21.0,143916.0,-0.0337620578778135,-0.03434515820397186,626.0,,0.3840308616011028,73802664.85,1.0231119452592505,False,Insufficient history
2021-03-05,85579527.0,50968119396.0,588.0,605.0,584.0,601.0,0.0,127693.0,0.0,0.0,625.2,,0.3743437716959963,72341760.75,1.182989273591879,False,Insufficient history
2021-03-08,47676630.0,28737004484.0,608.0,610.0,598.0,598.0,-3.0,84570.0,-0.004991680532445919,-0.005004180584575839,624.35,,0.3745312004919598,71084407.7,0.6707044701168692,False,Insufficient history
2021-03-09,74471341.0,43957092621.0,585.0,595.0,585.0,595.0,-3.0,119867.0,-0.0050167224080267525,-0.005029348405001973,624.05,,0.3661430388410071,69598899.05,1.0700074572515814,False,Insufficient history
2021-03-10,41735443.0,24904320192.0,601.0,601.0,593.0,597.0,2.0,54196.0,0.003361344537815114,0.003355707846972315,624.35,,0.36111742756102266,66841876.75,0.6243906519276481,False,Insufficient history
2021-03-11,55462783.0,33584884382.0,596.0,612.0,595.0,609.0,12.0,47948.0,0.0201005025125629,0.01990115431729502,624.25,,0.3474531723300076,66106918.95,0.8389860529114858,False,Insufficient history
2021-03-12,33876990.0,20780886905.0,615.0,618.0,609.0,614.0,5.0,36145.0,0.008210180623973828,0.008176660437245539,623.35,,0.3248695904487137,63764558.1,0.5312824397978537,False,Insufficient history
2021-03-15,29767904.0,18194081208.0,614.0,614.0,609.0,611.0,-3.0,26753.0,-0.004885993485342022,-0.004897968975547142,622.4,,0.3250619305722607,62264791.95,0.4780856575238263,False,Insufficient history
2021-03-16,37780820.0,23074187740.0,610.0,613.0,607.0,613.0,2.0,37573.0,0.003273322422258529,0.003267976764616013,621.7,,0.32518830709744834,61776439.3,0.6115732863224443,False,Insufficient history
2021-03-17,43942131.0,26638906800.0,612.0,612.0,602.0,604.0,0.0,68585.0,-0.014681892332789603,-0.014790738001396497,620.3,,0.3269010264611728,61106004.3,0.7191131461364428,False,Insufficient history
2021-03-18,30223846.0,18286667342.0,606.0,609.0,602.0,602.0,-2.0,31677.0,-0.0033112582781457123,-0.0033167526259939265,617.25,,0.2653621233131146,56838276.5,0.5317516269164143,False,Insufficient history
2021-03-19,74960854.0,44407634402.0,594.0,598.0,591.0,591.0,-11.0,106938.0,-0.01827242524916939,-0.018441427902722792,613.8,,0.26970701637570726,57860302.15,1.2955489552347594,False,Insufficient history
2021-03-22,35931375.0,21250445678.0,588.0,598.0,586.0,593.0,2.0,55005.0,0.0033840947546530664,0.0033783815916271906,610.85,,0.2701725362110874,57074278.7,0.6295546053041928,False,Insufficient history
2021-03-23,31933358.0,19057386513.0,597.0,603.0,593.0,594.0,1.0,36423.0,0.001686340640809414,0.0016849203649194457,608.05,,0.2710538427670847,56695342.7,0.5632448183437826,False,Insufficient history
2021-03-24,115318351.0,66559451738.0,571.0,582.0,571.0,576.0,-18.0,242138.0,-0.030303030303030276,-0.03077165866675366,604.8,,0.28465103392779545,59817858.8,1.9278247886733118,False,Insufficient history
2021-03-25,74225812.0,42594849855.0,572.0,581.0,570.0,575.0,-1.0,115951.0,-0.0017361111111111605,-0.0017376198985408486,602.3,,0.2750169657713905,59528617.55,1.2468929240235649,False,Insufficient history
2021-03-26,37937242.0,22271364837.0,582.0,592.0,580.0,590.0,15.0,49718.0,0.026086956521739202,0.025752496102414764,600.05,,0.28683093657671893,59161515.85,0.641248647113561,False,Insufficient history
2021-03-29,40573913.0,24302039570.0,599.0,602.0,596.0,599.0,9.0,44500.0,0.015254237288135686,0.015139061215684306,599.7,,0.2467973710631965,54293553.4,0.7473062722765167,False,Insufficient history
2021-03-30,34686346.0,20661203325.0,600.0,600.0,592.0,597.0,-2.0,46755.0,-0.0033388981636059967,-0.0033444847228472486,599.1,,0.24613789327684782,53138222.05,0.6527569922712535,False,Insufficient history
2021-03-31,44454672.0,26217366895.0,596.0,597.0,587.0,587.0,-10.0,70527.0,-0.01675041876046901,-0.016892293564505636,597.35,,0.23750773966425362,52302386.3,0.8499549474667086,False,Insufficient history
2021-04-01,45972766.0,27520742963.0,598.0,602.0,594.0,602.0,15.0,48170.0,0.02555366269165238,0.0252326254807245,597.4,,0.2280362454585596,50825605.2,0.9045197950736846,False,Insufficient history
2021-04-06,37664216.0,23045132094.0,615.0,616.0,608.0,610.0,8.0,42422.0,0.013289036544850585,0.013201511858535981,597.85,,0.23272693679015038,48429839.65,0.7777068078729433,False,Insufficient history
2021-04-07,28140964.0,17175949080.0,614.0,614.0,608.0,610.0,0.0,28395.0,0.0,0.0,598.45,,0.2317387865066389,47453056.35,0.5930274288855159,False,Insufficient history
2021-04-08,26658283.0,16217570357.0,606.0,613.0,603.0,613.0,3.0,32098.0,0.004918032786885185,0.0049059787688544056,599.35,,0.23094545098039643,45062403.45,0.5915859110706178,False,Insufficient history
2021-04-09,31601619.0,19344167081.0,618.0,618.0,609.0,610.0,-3.0,28920.0,-0.004893964110929905,-0.004905978768854518,600.0,608.2,0.23196338342252715,44555712.25,0.7092607749750426,False,MA20 < MA60
2021-04-12,23319822.0,14155495430.0,612.0,613.0,603.0,605.0,-5.0,33422.0,-0.008196721311475419,-0.00823049913651548,599.8,609.35,0.22292028998488736,42948564.2,0.5429709335894399,False,MA20 < MA60
2021-04-13,27386926.0,16638680378.0,604.0,613.0,604.0,605.0,0.0,30438.0,0.0,0.0,599.35,610.4,0.2206884279578374,42624061.0,0.6425226822005533,False,MA20 < MA60
2021-04-14,31144922.0,18868308243.0,608.0,612.0,600.0,612.0,7.0,41234.0,0.011570247933884392,0.011503824481484713,599.4,611.45,0.22419815945913144,42692911.9,0.7295103710178176,False,MA20 < MA60
2021-04-15,36394255.0,22332532476.0,612.0,619.0,607.0,619.0,7.0,40541.0,0.011437908496731986,0.01137299017226998,599.7,612.35,0.22754213250612693,42623583.65,0.8538525361651519,False,MA20 < MA60
2021-04-16,49952191.0,30335377876.0,610.0,611.0,603.0,610.0,-9.0,67601.0,-0.014539579967689842,-0.014646315517239189,600.0,612.85,0.22741601785774024,42924086.65,1.163733346438019,False,MA20 < MA60
2021-04-19,25234976.0,15224292755.0,605.0,607.0,601.0,603.0,-7.0,43094.0,-0.011475409836065542,-0.011541760440171458,600.05,613.1666666666666,0.23109124989800692,42674643.15,0.5913342007641369,False,MA20 < MA60
2021-04-20,36655069.0,21969721089.0,598.0,602.0,595.0,602.0,-1.0,54247.0,-0.0016583747927031434,-0.0016597514183643968,600.6,613.35,0.22078793473992828,40759353.9,0.8993044661583804,False,MA20 < MA60
2021-04-21,41893725.0,24933016553.0,599.0,599.0,592.0,592.0,-10.0,92840.0,-0.01661129568106312,-0.016750810424815354,600.55,613.1333333333333,0.22919008213024414,41057471.4,1.0203678787681016,False,MA20 < MA60
2021-04-22,38094824.0,22626436436.0,596.0,598.0,591.0,591.0,-1.0,64897.0,-0.0016891891891891442,-0.0016906174779074388,600.4,613.1166666666667,0.22917673350979878,41365544.7,0.9209312793117891,False,MA20 < MA60
2021-04-23,29004756.0,17336162729.0,592.0,602.0,590.0,602.0,11.0,29147.0,0.01861252115059231,0.01844142790272293,601.7,613.1333333333333,0.20868809671233332,37049864.95,0.7828572665283088,False,MA20 < MA60
2021-04-26,32426908.0,19673836650.0,605.0,610.0,603.0,610.0,8.0,35286.0,0.013289036544850585,0.013201511858535981,603.45,613.1833333333333,0.21163631751487327,34959919.75,0.9275452641735541,False,MA20 < MA60
2021-04-27,26761401.0,16274064043.0,608.0,611.0,605.0,610.0,0.0,25203.0,0.0,0.0,604.45,612.9,0.19343814661252967,34401127.7,0.7779222016608484,False,MA20 < MA60
2021-04-28,24601487.0,14833592900.0,606.0,608.0,601.0,602.0,-8.0,32198.0,-0.013114754098360604,-0.013201511858535842,604.6,612.15,0.19335949912180628,33602506.4,0.7321324994971209,False,MA20 < MA60
2021-04-29,35756460.0,21579514979.0,609.0,609.0,600.0,600.0,-2.0,30756.0,-0.0033222591362126463,-0.003327790092674691,604.75,610.9333333333333,0.19335533200012187,33656012.1,1.0624092923950428,False,MA20 < MA60
2021-05-03,46801189.0,27676378065.0,595.0,597.0,588.0,588.0,-12.0,104468.0,-0.020000000000000018,-0.020202707317519466,604.8,609.9166666666666,0.1974610782618083,33773337.95,1.3857436617395409,False,MA20 < MA60
2021-05-04,45507479.0,26756714081.0,588.0,594.0,582.0,591.0,3.0,69833.0,0.005102040816326481,0.005089069507471228,604.25,609.2166666666667,0.1745966843272498,33750073.6,1.348366807709717,False,MA20 < MA60
2021-05-05,31786592.0,18603594408.0,594.0,594.0,585.0,585.0,-6.0,52496.0,-0.010152284263959421,-0.010204170174241736,603.0,608.6833333333333,0.16913614286221162,33456192.4,0.95009592304951,False,MA20 < MA60
2021-05-06,33165446.0,19405281385.0,590.0,590.0,580.0,587.0,2.0,69578.0,0.0034188034188034067,0.0034129725962399426,601.85,608.2166666666667,0.17011456724775595,33707416.5,0.9839213278181672,False,MA20 < MA60
2021-05-07,28719597.0,17131817777.0,594.0,600.0,589.0,599.0,12.0,30063.0,0.020442930153321992,0.020236778287352916,601.15,608.1833333333333,0.18646536908823072,33810482.2,0.8494287904595457,False,MA20 < MA60
2021-05-10,21365583.0,12626811276.0,596.0,597.0,588.0,589.0,-10.0,43154.0,-0.016694490818030094,-0.016835414463862688,600.1,608.15,0.19420338846863672,33298680.4,0.6416345255531508,False,MA20 < MA60
2021-05-11,66035839.0,37939364597.0,579.0,580.0,570.0,571.0,-18.0,184838.0,-0.03056027164685904,-0.031036973995576443,598.4,607.4833333333333,0.2188218624259322,35434481.25,1.8636039436869136,False,MA20 < MA60
2021-05-12,138328672.0,76325765887.0,567.0,571.0,518.0,560.0,-11.0,223058.0,-0.019264448336252182,-0.019452425926815294,596.15,606.2833333333333,0.22611874099332016,40981568.55,3.3753874459741735,False,MA20 < MA60
2021-05-13,71519430.0,39495488180.0,547.0,563.0,541.0,547.0,-13.0,105026.0,-0.023214285714285743,-0.023487981307213742,592.9,604.9,0.22853777593670277,43000293.95,1.6632311882137725,False,MA20 < MA60
2021-05-14,38625148.0,21474513930.0,556.0,562.0,552.0,557.0,10.0,52919.0,0.018281535648994485,0.018116437505302785,589.8,603.7333333333333,0.23642001370124746,43111838.6,0.8959290360676011,False,MA20 < MA60
2021-05-17,58446847.0,32066868553.0,544.0,558.0,541.0,549.0,-8.0,76808.0,-0.014362657091561926,-0.014466798417753376,586.75,602.35,0.23632770907045964,43536571.4,1.3424770284046759,False,MA20 < MA60
2021-05-18,44584258.0,25226153189.0,563.0,573.0,555.0,572.0,23.0,52152.0,0.041894353369763104,0.04104054987026717,585.2,600.8333333333334,0.2877202461298453,44504035.5,1.0018025893404656,True,MA20 < MA60
2021-05-19,29610174.0,16832735286.0,571.0,572.0,565.0,567.0,-5.0,34443.0,-0.00874125874125875,-0.008779687652045837,583.45,599.2833333333333,0.2885492142386088,44151790.75,0.6706449160275566,False,MA20 < MA60
2021-05-20,36605692.0,20670883290.0,567.0,571.0,560.0,567.0,0.0,32301.0,0.0,0.0,582.2,597.8666666666667,0.2840189860935934,43887389.1,0.8340822443684626,False,MA20 < MA60
2021-05-21,28009899.0,16016851343.0,572.0,577.0,568.0,573.0,6.0,27050.0,0.010582010582010692,0.010526412986987603,581.3,596.5833333333334,0.2875178418003998,43383142.85,0.645640153292859,False,MA20 < MA60
2021-05-24,15981036.0,9090836697.0,570.0,572.0,566.0,568.0,-5.0,20189.0,-0.008726003490401424,-0.008764297993588242,579.6,595.3666666666667,0.27852813911418023,42731956.85,0.37398324762185564,False,MA20 < MA60
2021-05-25,35445350.0,20525932956.0,576.0,584.0,573.0,583.0,15.0,39032.0,0.02640845070422526,0.02606576762934094,578.25,594.6666666666666,0.2921144221228397,42882878.95,0.8265618089990667,False,MA20 < MA60
2021-05-26,19555305.0,11433686898.0,587.0,588.0,581.0,585.0,2.0,21034.0,0.0034305317324185847,0.0034246608813641747,577.0,593.8333333333334,0.29269492781236844,42522574.15,0.4598805549969274,False,MA20 < MA60
2021-05-27,70061002.0,40643804852.0,580.0,582.0,573.0,582.0,-3.0,37545.0,-0.00512820512820511,-0.005141399500418652,576.0,593.4333333333333,0.29000757820608775,44795549.9,1.5640170096449693,False,MA20 < MA60
2021-05-28,30720737.0,18082265480.0,587.0,592.0,582.0,590.0,8.0,31581.0,0.013745704467353903,0.013652089168327263,575.5,593.1166666666667,0.2948959956358166,44543763.75,0.6896753757140696,False,MA20 < MA60
2021-05-31,31557426.0,18751716595.0,595.0,597.0,590.0,597.0,7.0,29798.0,0.011864406779660941,0.011794576492836877,575.95,592.7,0.28883240554105627,43781575.6,0.7207923782441489,False,MA20 < MA60
2021-06-01,18405285.0,10985893229.0,598.0,599.0,595.0,598.0,1.0,20318.0,0.0016750418760469454,0.0016736405580296937,576.3,592.65,0.288429598601436,42426465.9,0.43381612419430865,False,MA20 < MA60
2021-06-02,22416789.0,13362065937.0,600.0,600.0,593.0,595.0,-3.0,25170.0,-0.0050167224080267525,-0.005029348405001973,576.8,592.55,0.2864252720064217,41957975.75,0.5342676475520867,False,MA20 < MA60
2021-06-03,31703679.0,18939839664.0,600.0,600.0,596.0,596.0,1.0,20749.0,0.001680672268907557,0.0016792615197199939,577.25,592.5166666666667,0.2862971569833646,41884887.4,0.7569240594401121,False,MA20 < MA60
2021-06-04,16072580.0,9521252157.0,591.0,595.0,590.0,595.0,-1.0,19112.0,-0.001677852348993314,-0.0016792615197200253,577.05,592.5166666666667,0.27689867026921927,41252536.55,0.38961434481778556,False,MA20 < MA60
2021-06-07,17729179.0,10471176330.0,594.0,595.0,583.0,592.0,-3.0,25364.0,-0.005042016806722671,-0.0050547706616240595,577.2,592.4333333333333,0.2707075442519319,41070716.35,0.43167445264197346,False,MA20 < MA60
2021-06-08,14083552.0,8312653665.0,590.0,595.0,588.0,589.0,-3.0,14051.0,-0.0050675675675675436,-0.005080451232418952,578.1,592.1,0.2460500586874017,38473102.0,0.3660622946389922,False,MA20 < MA60
2021-06-09,21575159.0,12618113390.0,586.0,588.0,583.0,586.0,-3.0,36405.0,-0.005093378607809895,-0.005106394074574139,579.4,591.6333333333333,0.23495326126525243,32635426.35,0.6610962813421312,False,MA20 < MA60
2021-06-10,29741770.0,17696413894.0,591.0,599.0,587.0,599.0,13.0,30487.0,0.022184300341296925,0.02194180853843673,582.0,591.4333333333333,0.224402288254618,30546543.35,0.9736541925291197,False,MA20 < MA60
2021-06-11,24940705.0,15011140567.0,602.0,603.0,600.0,602.0,3.0,25271.0,0.005008347245408995,0.00499584719337167,584.25,591.25,0.21857447289982826,29862321.2,0.8351897641500152,False,MA20 < MA60
2021-06-15,30245897.0,18415370774.0,607.0,609.0,606.0,609.0,7.0,33515.0,0.011627906976744207,0.011560822401076006,587.25,591.3333333333334,0.20890079749813872,28452273.7,1.0630397176307214,False,MA20 < MA60
2021-06-16,28624508.0,17401326587.0,608.0,608.0,605.0,605.0,-4.0,25816.0,-0.006568144499178974,-0.0065898096790555525,588.9,591.3833333333333,0.16175206630368094,27654286.2,1.0350839574373105,False,MA20 < MA60
2021-06-17,26477032.0,15924656516.0,601.0,606.0,598.0,606.0,0.0,21061.0,0.0016528925619834212,0.0016515280384729392,590.85,591.6333333333333,0.15597138775531902,27497629.1,0.9628841782581175,False,MA20 < MA60
2021-06-18,42036170.0,25373026235.0,608.0,608.0,601.0,603.0,-3.0,16899.0,-0.004950495049504955,-0.004962789342129014,592.65,591.8,0.15836455327472337,27769153.0,1.5137721341374726,False,MA20 >= MA60
2021-06-21,47339695.0,27749202661.0,590.0,594.0,583.0,583.0,-20.0,109204.0,-0.03316749585406298,-0.03373001037669302,593.15,591.6166666666667,0.2013634301966059,28735642.8,1.6474207773768679,False,MA20 >= MA60
2021-06-22,30578091.0,17786329582.0,585.0,588.0,578.0,578.0,-5.0,56057.0,-0.00857632933104635,-0.008613317678114947,593.65,591.65,0.20126879614840623,29465495.55,1.0377592648361211,False,MA20 >= MA60
2021-06-23,36386023.0,21500052844.0,583.0,598.0,581.0,595.0,17.0,34454.0,0.02941176470588225,0.028987536873252187,594.25,591.9833333333333,0.20652121765420603,29512529.2,1.2329008724877433,False,MA20 >= MA60
2021-06-24,19322765.0,11435647488.0,598.0,598.0,588.0,590.0,-5.0,18494.0,-0.008403361344537785,-0.008438868645864595,594.5,591.9833333333333,0.20900681762974818,29500902.2,0.6549889514904396,False,MA20 >= MA60
2021-06-25,19140086.0,11355715486.0,598.0,598.0,589.0,591.0,1.0,16850.0,0.0016949152542373724,0.0016934805063331477,594.95,591.85,0.20796715569288263,26954856.4,0.7100793161710185,False,MA20 >= MA60
2021-06-28,15401977.0,9056869217.0,590.0,590.0,586.0,590.0,-1.0,20825.0,-0.0016920473773265332,-0.0016934805063330315,594.95,591.7333333333333,0.20241538703401246,26188918.4,0.5881104658373368,False,MA20 >= MA60
2021-06-29,30837548.0,18350027611.0,598.0,598.0,591.0,595.0,5.0,24078.0,0.008474576271186418,0.008438868645864604,594.85,591.8666666666667,0.20014214044678608,26152924.5,1.1791242696395197,False,MA20 >= MA60
2021-06-30,34021380.0,20301841661.0,599.0,599.0,595.0,595.0,0.0,20097.0,0.0,0.0,594.7,591.75,0.20003425583532147,26933729.25,1.2631514813345055,False,MA20 >= MA60
2021-07-01,18719706.0,11116195742.0,596.0,597.0,591.0,593.0,-2.0,20565.0,-0.003361344537815114,-0.0033670065479042954,594.6,591.4666666666667,0.19958875151602642,26748875.1,0.6998315230086067,False,MA20 >= MA60
2021-07-02,19633718.0,11562140245.0,590.0,593.0,587.0,588.0,-5.0,24056.0,-0.00843170320404718,-0.008467451099098494,594.2,591.1,0.2016142552924105,26145377.05,0.7509441520943757,False,MA20 >= MA60
2021-07-05,30274105.0,17957255325.0,588.0,597.0,588.0,591.0,3.0,21836.0,0.005102040816326481,0.005089069507471228,594.0,590.7333333333333,0.20256711976833952,26855453.3,1.1272982310821764,False,MA20 >= MA60
2021-07-06,13830591.0,8185167307.0,595.0,596.0,589.0,592.0,1.0,15751.0,0.0016920473773265332,0.001690617477907452,594.0,590.4333333333333,0.20186773203785907,26660523.9,0.5187666623460464,False,MA20 >= MA60
2021-07-07,17329148.0,10250342169.0,590.0,594.0,588.0,594.0,2.0,18023.0,0.0033783783783782884,0.003372684478639156,594.25,590.25,0.20123825702531312,26822803.7,0.646060277434756,False,MA20 >= MA60
2021-07-08,21596183.0,12733045117.0,595.0,595.0,588.0,588.0,-6.0,23352.0,-0.010101010101010055,-0.010152371464017962,594.35,589.9666666666667,0.20385209234949725,26823854.9,0.8051110878921434,False,MA20 >= MA60
2021-07-09,30602492.0,17821338170.0,582.0,585.0,580.0,584.0,-4.0,51232.0,-0.006802721088435382,-0.006825965070399871,593.6,589.5,0.18781944313413698,26866891.0,1.1390410598680734,False,MA20 >= MA60
2021-07-12,33011596.0,19612592644.0,595.0,597.0,590.0,593.0,9.0,28636.0,0.015410958904109595,0.0152934161694984,593.15,589.0666666666667,0.1958391075987251,27270435.55,1.2105269070409108,False,MA20 >= MA60
2021-07-13,54894335.0,33158730436.0,600.0,608.0,599.0,607.0,14.0,60121.0,0.02360876897133224,0.02333439206177284,593.05,589.0166666666667,0.20993635217554607,28502857.45,1.925923921708418,False,MA20 >= MA60
2021-07-14,39670241.0,24276719505.0,613.0,615.0,608.0,613.0,6.0,43173.0,0.009884678747940745,0.00983614487671319,593.45,589.1833333333333,0.2113125947317273,29055144.1,1.3653431166428116,False,MA20 >= MA60
2021-07-15,23057868.0,14117908308.0,613.0,614.0,608.0,614.0,1.0,29913.0,0.0016313213703098572,0.00162999221093097,593.85,589.3833333333333,0.2113113742693413,28884185.9,0.7982869269651114,False,MA20 >= MA60
2021-07-16,61882128.0,36562482701.0,591.0,595.0,588.0,589.0,-25.0,86192.0,-0.04071661237785018,-0.041568744495555775,593.15,589.3333333333334,0.2572344583347821,29876483.8,2.071265427827889,True,MA20 >= MA60
2021-07-19,43248966.0,25135531384.0,583.0,584.0,578.0,582.0,-7.0,86753.0,-0.011884550084889645,-0.011955735920148884,593.1,589.1833333333333,0.2318268253409527,29671947.35,1.4575708661737026,False,MA20 >= MA60
2021-07-20,16352855.0,9502338666.0,579.0,584.0,579.0,581.0,-1.0,27956.0,-0.0017182130584192379,-0.0017196908795265881,593.25,588.8333333333334,0.22972414553613713,28960685.55,0.5646570407239548,False,MA20 >= MA60
2021-07-21,26476215.0,15440430690.0,586.0,586.0,580.0,585.0,4.0,32757.0,0.0068846815834766595,0.006861090379945161,592.75,588.4166666666666,0.20446625661724768,28465195.15,0.9301258909514274,False,MA20 >= MA60
2021-07-22,27075950.0,16014166571.0,589.0,594.0,587.0,591.0,6.0,23365.0,0.01025641025641022,0.010204170174241668,592.8,588.1,0.20594666037898715,28852854.4,0.9384149528027287,False,MA20 >= MA60
2021-07-23,15705191.0,9206201715.0,592.0,592.0,583.0,585.0,-6.0,23635.0,-0.010152284263959421,-0.010204170174241736,592.5,587.8166666666667,0.2090499589718206,28681109.65,0.5475796157001199,False,MA20 >= MA60
2021-07-26,22442745.0,13089591086.0,591.0,591.0,580.0,580.0,-5.0,37826.0,-0.008547008547008517,-0.008583743691391442,592.0,587.4833333333333,0.21100717642185804,29033148.05,0.7730041868470409,False,MA20 >= MA60
2021-07-27,18925325.0,10997959654.0,581.0,584.0,580.0,580.0,0.0,20197.0,0.0,0.0,591.25,587.35,0.20820869656089327,28437536.9,0.6655050705182558,False,MA20 >= MA60
2021-07-28,39744486.0,22884618824.0,576.0,579.0,573.0,579.0,-1.0,75078.0,-0.0017241379310344307,-0.0017256259674697252,590.45,587.15,0.20816757854667167,28723692.2,1.3836830489361671,False,MA20 >= MA60
2021-07-29,25014772.0,14525643464.0,585.0,585.0,577.0,583.0,4.0,26868.0,0.006908462867012188,0.006884708777497233,589.95,587.1166666666667,0.20998932618968918,29038445.5,0.8614363327403322,False,MA20 >= MA60
2021-07-30,26141286.0,15170421873.0,581.0,582.0,578.0,580.0,-3.0,16353.0,-0.005145797598627766,-0.005159082810027336,589.55,587.0,0.2087184663891689,29363823.9,0.8902548281526781,False,MA20 >= MA60
2021-08-02,24948096.0,14593329483.0,583.0,590.0,580.0,590.0,10.0,19791.0,0.01724137931034475,0.01709443335930004,589.5,586.85,0.21738643196692448,29097523.45,0.8573958551101366,False,MA20 >= MA60
2021-08-03,28104984.0,16655446605.0,594.0,594.0,590.0,594.0,4.0,20221.0,0.006779661016949046,0.006756782462879687,589.6,586.9333333333333,0.21865644591407415,29811243.1,0.9427645773013739,False,MA20 >= MA60
2021-08-04,23714971.0,14132827829.0,598.0,598.0,594.0,596.0,2.0,18228.0,0.0033670033670034627,0.0033613477027049274,589.7,587.35,0.21865429774954476,30130534.25,0.7870743612851804,False,MA20 >= MA60
2021-08-05,15673765.0,9343887536.0,598.0,598.0,593.0,596.0,0.0,15495.0,0.0,0.0,590.1,587.95,0.2152193854488894,29834413.35,0.5253585789043175,False,MA20 >= MA60
2021-08-06,13994018.0,8275142201.0,596.0,596.0,588.0,591.0,-5.0,13742.0,-0.008389261744966459,-0.008424649659251578,590.45,588.6833333333333,0.21603136285527702,29003989.65,0.4824859672365798,False,MA20 >= MA60
2021-08-09,17611955.0,10366798182.0,590.0,595.0,583.0,595.0,4.0,15068.0,0.006768189509306355,0.006745388139531656,590.55,589.3166666666667,0.21032023243283055,28234007.6,0.6237851618344114,False,MA20 >= MA60
2021-08-10,17620825.0,10435618093.0,596.0,596.0,589.0,591.0,-4.0,13983.0,-0.006722689075630228,-0.006745388139531538,589.75,590.0166666666667,0.19244387566789378,26370332.1,0.6682064121596709,False,MA20 < MA60
2021-08-11,20311399.0,11943131619.0,590.0,590.0,585.0,590.0,-1.0,18548.0,-0.0016920473773265332,-0.0016934805063330315,588.6,590.3166666666667,0.18788214220321633,25402390.0,0.7995861413040269,False,MA20 < MA60
2021-08-12,16031265.0,9383967628.0,586.0,588.0,584.0,586.0,-4.0,15202.0,-0.006779661016949157,-0.006802747322752523,587.2,590.6333333333333,0.18819130643857174,25051059.85,0.6399435830656083,False,MA20 < MA60
2021-08-13,25440973.0,14769155709.0,585.0,585.0,579.0,581.0,-5.0,36198.0,-0.008532423208191142,-0.008569032725101403,586.8,590.8666666666667,0.12505469833145494,23229002.1,1.0952245339889137,False,MA20 < MA60
2021-08-16,19949389.0,11612486234.0,582.0,586.0,578.0,584.0,3.0,17055.0,0.005163511187607606,0.005150225976315861,586.9,591.05,0.11925620785367125,22064023.25,0.9041591723304588,False,MA20 < MA60
2021-08-17,31845499.0,18475506150.0,580.0,582.0,578.0,580.0,-4.0,19184.0,-0.006849315068493178,-0.006872879287762064,586.85,591.25,0.12171537340063132,22838655.45,1.394368379947691,False,MA20 < MA60
2021-08-18,47063629.0,26855353529.0,568.0,575.0,566.0,574.0,-6.0,86118.0,-0.010344827586206917,-0.010398707220898622,586.3,591.1,0.12402356453830743,23868026.15,1.9718274441391126,False,MA20 < MA60
2021-08-19,42133375.0,23766228074.0,573.0,573.0,559.0,559.0,-15.0,119048.0,-0.026132404181184676,-0.026479923164467265,584.7,590.6666666666666,0.1458704085622883,24620897.4,1.7112851053105806,False,MA20 < MA60
2021-08-20,47741449.0,26565551162.0,560.0,563.0,551.0,552.0,-7.0,72684.0,-0.012522361359570633,-0.01260142687800382,583.05,590.1666666666666,0.14769905550674076,26222710.3,1.8206145914673053,False,MA20 < MA60
2021-08-23,34775337.0,19688362857.0,560.0,572.0,559.0,566.0,14.0,30421.0,0.0253623188405796,0.025046031926087516,582.35,589.7666666666667,0.17659428242460132,26839339.9,1.2956852564023007,False,MA20 < MA60
2021-08-24,27397309.0,15697269609.0,574.0,575.0,571.0,572.0,6.0,21032.0,0.010600706713780994,0.01054491317661504,581.95,589.35,0.18146150818621307,27262939.1,1.0049286652296414,False,MA20 < MA60
2021-08-25,28867651.0,16769849402.0,579.0,585.0,574.0,585.0,13.0,29096.0,0.022727272727272707,0.022472855852058576,582.25,589.1333333333333,0.19938207636700422,26719097.35,1.080412658476279,False,MA20 < MA60
2021-08-26,45027320.0,26834160811.0,601.0,603.0,591.0,594.0,9.0,42735.0,0.01538461538461533,0.01526747213078838,582.8,589.1166666666667,0.20513172544428554,27719724.75,1.6243783228763842,False,MA20 < MA60
2021-08-27,29459532.0,17596859741.0,596.0,600.0,593.0,599.0,5.0,31217.0,0.008417508417508435,0.008382278752804439,583.75,589.1666666666666,0.20537938658719884,27885637.05,1.0564410612953883,False,MA20 < MA60
2021-08-30,40606821.0,24425472555.0,602.0,605.0,599.0,605.0,6.0,43096.0,0.01001669449081799,0.009966859915392074,584.5,589.3333333333334,0.19964589207994848,28668573.3,1.4164228046883658,False,MA20 < MA60
2021-08-31,58916407.0,35867753009.0,604.0,614.0,598.0,614.0,9.0,46791.0,0.014876033057851235,0.014766470116300995,585.5,589.7,0.20458395160557738,30209144.45,1.9502838651228338,False,MA20 < MA60
2021-09-01,31242788.0,19126702297.0,614.0,614.0,608.0,613.0,-1.0,30125.0,-0.0016286644951140072,-0.0016299922109310643,586.35,590.1,0.20482408301902152,30585535.3,1.0214890043137483,False,MA20 < MA60
2021-09-02,26715492.0,16341803689.0,613.0,615.0,607.0,607.0,-6.0,26153.0,-0.009787928221859699,-0.009836144876713129,586.9,590.45,0.20867652632555606,31137621.65,0.8579811361411414,False,MA20 < MA60
2021-09-03,53915006.0,33278648609.0,610.0,620.0,610.0,620.0,13.0,62288.0,0.021416803953871577,0.021190686979639054,588.35,590.8,0.21752870464765042,33133671.05,1.6271968753066979,False,MA20 < MA60
2021-09-06,59223061.0,37250623087.0,623.0,638.0,621.0,631.0,11.0,77024.0,0.01774193548387104,0.01758638450207599,590.15,591.2833333333333,0.22379069134901503,35214226.35,1.6817936140743868,False,MA20 < MA60
2021-09-07,27422775.0,17191259166.0,634.0,634.0,623.0,623.0,-8.0,29823.0,-0.01267828843106178,-0.012759343753759986,591.75,591.5166666666667,0.22819032602024245,35704323.85,0.7680519344157808,False,MA20 >= MA60
2021-09-08,38713621.0,23960375113.0,622.0,627.0,612.0,619.0,-4.0,38267.0,-0.006420545746388395,-0.006441246102856993,593.2,591.75,0.2300178263867127,36624434.95,1.0570435025919764,False,MA20 >= MA60
2021-09-09,19309522.0,11886107760.0,612.0,620.0,610.0,619.0,0.0,19569.0,0.0,0.0,594.85,591.9666666666667,0.2276361501623144,36788347.8,0.5248814680391818,False,MA20 >= MA60
2021-09-10,16740439.0,10365721937.0,615.0,623.0,614.0,622.0,3.0,17067.0,0.004846526655896577,0.004834820054583311,596.9,592.2833333333333,0.2236903524995949,36353321.1,0.4604927003491849,False,MA20 >= MA60
2021-09-13,15809768.0,9734528161.0,619.0,620.0,613.0,615.0,-7.0,21779.0,-0.0112540192926045,-0.011317824932661572,598.45,592.8166666666667,0.2295935398421125,36146340.05,0.4373822627168031,False,MA20 >= MA60
2021-09-14,16024935.0,9849961184.0,618.0,618.0,612.0,613.0,-2.0,13569.0,-0.003252032520325243,-0.0032573318703065105,600.1,593.4,0.22796076340416835,35355311.85,0.4532539570853764,False,MA20 >= MA60
2021-09-15,26041452.0,15872971715.0,610.0,613.0,607.0,607.0,-6.0,24839.0,-0.009787928221859699,-0.009836144876713129,601.75,593.6,0.22754081860817835,34304203.0,0.7591329843751217,False,MA20 >= MA60
2021-09-16,23315040.0,14030697248.0,603.0,607.0,599.0,600.0,0.0,31437.0,-0.011532125205930832,-0.011599135843351918,603.8,593.7666666666667,0.2078897892265769,33363286.25,0.6988232461662855,False,MA20 >= MA60
2021-09-17,42383815.0,25510152115.0,600.0,610.0,599.0,600.0,0.0,18681.0,0.0,0.0,606.2,593.9166666666666,0.19957409895164807,33095404.55,1.280655594826382,False,MA20 >= MA60
2021-09-22,42732169.0,25056693727.0,586.0,589.0,583.0,586.0,-14.0,70389.0,-0.023333333333333317,-0.023609865639133736,607.2,593.85,0.20600925054405472,33493246.15,1.2758443540713655,False,MA20 >= MA60
2021-09-23,22736266.0,13406035166.0,588.0,593.0,588.0,588.0,2.0,22991.0,0.0034129692832765013,0.0034071583216143558,608.0,593.7333333333333,0.20350960682596916,33260194.0,0.6835878948872036,False,MA20 >= MA60
2021-09-24,17302848.0,10289114839.0,591.0,598.0,590.0,598.0,10.0,15796.0,0.017006802721088343,0.016863806052004725,608.65,593.7833333333333,0.19647152013689395,32681953.85,0.5294312598143516,False,MA20 >= MA60
2021-09-27,20034221.0,11993300562.0,600.0,602.0,593.0,602.0,4.0,16349.0,0.006688963210702337,0.006666691358189297,609.05,593.9333333333333,0.19046134499415093,31432298.9,0.6373768925950243,False,MA20 >= MA60
2021-09-28,17325896.0,10291543822.0,595.0,596.0,592.0,594.0,-8.0,16496.0,-0.013289036544850474,-0.013378125946176087,608.8,594.0333333333333,0.19439699471425478,30825617.1,0.5620616107633414,False,MA20 >= MA60
2021-09-29,51834124.0,30040354500.0,580.0,583.0,577.0,580.0,-14.0,95024.0,-0.023569023569023573,-0.02385121582217991,607.55,593.85,0.20680706306027863,31386982.25,1.6514529363522994,False,MA20 >= MA60
2021-09-30,36318623.0,21054651328.0,580.0,585.0,575.0,580.0,0.0,32973.0,0.0,0.0,605.85,593.65,0.1971988697441775,30257093.05,1.200334180814505,False,MA20 >= MA60
2021-10-01,39006124.0,22368447571.0,579.0,579.0,571.0,574.0,-6.0,78088.0,-0.010344827586206917,-0.010398707220898622,603.9,593.3166666666667,0.1989485631850634,30645259.85,1.2728273211232046,False,MA20 >= MA60
2021-10-04,22288138.0,12741914919.0,574.0,575.0,569.0,572.0,-2.0,42147.0,-0.0034843205574912606,-0.003490404939768491,602.15,593.05,0.19743543207972986,30423892.15,0.73258667530479,False,MA20 >= MA60
2021-10-05,36063650.0,20406526124.0,562.0,572.0,560.0,572.0,0.0,56678.0,0.0,0.0,599.75,592.85,0.17592698901629505,29531324.35,1.2211998883822492,False,MA20 >= MA60
2021-10-06,33989379.0,19345468774.0,573.0,574.0,565.0,571.0,-1.0,53606.0,-0.0017482517482517723,-0.0017497817237877064,596.75,592.4833333333333,0.15657402020403524,28269640.25,1.2023279638303852,False,MA20 >= MA60
2021-10-07,28480400.0,16458019782.0,575.0,582.0,572.0,580.0,9.0,23304.0,0.015761821366024442,0.01563889388445473,594.6,592.0333333333333,0.1699018317895355,28322521.5,1.0055743094766474,False,MA20 >= MA60
2021-10-08,22601904.0,13051944932.0,582.0,583.0,573.0,575.0,-5.0,24157.0,-0.008620689655172376,-0.008658062743114541,592.4,591.4,0.1705790193161189,27516935.65,0.8213815770579818,False,MA20 >= MA60
2021-10-12,27126088.0,15455194493.0,570.0,575.0,564.0,575.0,0.0,32210.0,0.0,0.0,590.2,590.75,0.1705790193161189,27907763.95,0.9719907352161763,False,MA20 < MA60
2021-10-13,19267437.0,11006807040.0,572.0,575.0,570.0,571.0,-4.0,18050.0,-0.006956521739130417,-0.006980831141340205,587.65,590.45,0.16792913319197184,28034113.85,0.6872853946121789,False,MA20 < MA60
2021-10-14,14270641.0,8213170376.0,579.0,579.0,573.0,573.0,2.0,14814.0,0.003502626970227629,0.003496507058729306,585.55,590.3,0.16789470732556808,27957157.5,0.5104467791477013,False,MA20 < MA60
2021-10-15,55305252.0,32878638999.0,592.0,600.0,586.0,600.0,27.0,61088.0,0.04712041884816753,0.0460439385014068,584.9,590.6166666666667,0.24588736798482033,29921173.35,1.8483650809101708,True,MA20 < MA60
2021-10-18,19753943.0,11802365489.0,604.0,604.0,590.0,590.0,-10.0,21353.0,-0.01666666666666672,-0.01680711831638129,584.05,590.7,0.2503354839796424,29606797.9,0.6672097086189791,False,MA20 < MA60
2021-10-19,18709936.0,11196540994.0,598.0,600.0,593.0,600.0,10.0,20482.0,0.016949152542372836,0.016807118316381188,584.05,590.85,0.25526513951835683,29376542.7,0.6369005430989672,False,MA20 < MA60
2021-10-20,17537878.0,10527701553.0,603.0,604.0,597.0,598.0,-2.0,16410.0,-0.0033333333333332993,-0.003338901265514598,583.95,591.0666666666667,0.25556023747947043,28134245.85,0.623364070020025,False,MA20 < MA60
2021-10-21,16882324.0,10116911921.0,602.0,603.0,595.0,596.0,-2.0,17599.0,-0.0033444816053511683,-0.003350086885281974,584.45,591.3333333333334,0.24082632160187933,26841753.6,0.6289575655742552,False,MA20 < MA60
2021-10-22,14236279.0,8520299817.0,600.0,602.0,594.0,600.0,4.0,12812.0,0.006711409395973256,0.00668898815079671,585.05,591.6666666666666,0.24155646469930564,26416754.25,0.5389109829796748,False,MA20 < MA60
2021-10-25,17724968.0,10518554968.0,597.0,597.0,590.0,593.0,-7.0,16139.0,-0.011666666666666714,-0.011735256218420965,584.8,591.9,0.2379594662650962,26437860.25,0.6704388264553294,False,MA20 < MA60
2021-10-26,27047187.0,16169131795.0,595.0,600.0,593.0,599.0,6.0,13081.0,0.010118043844856706,0.01006719911772394,584.65,592.1666666666666,0.23960364023129296,26788508.55,1.0096563214602703,False,MA20 < MA60
2021-10-27,16260278.0,9708715733.0,598.0,599.0,594.0,599.0,0.0,12042.0,0.0,0.0,584.9,592.4833333333333,0.23452281970857777,26735227.65,0.6081967287830444,False,MA20 < MA60
2021-10-28,16927154.0,10066068774.0,598.0,598.0,591.0,595.0,-4.0,15065.0,-0.006677796327211993,-0.006700192569819562,585.65,592.5666666666667,0.21863642034193498,24989879.15,0.6773603785114743,False,MA20 < MA60
2021-10-29,27684673.0,16352758906.0,595.0,596.0,589.0,590.0,-5.0,19937.0,-0.008403361344537785,-0.008438868645864595,586.15,592.5,0.22135073165360244,24558181.65,1.1273095620253302,False,MA20 < MA60
2021-11-01,17110357.0,10107402871.0,591.0,593.0,590.0,590.0,0.0,13798.0,0.0,0.0,586.95,592.4,0.2173620725577045,23463393.3,0.729236252456289,False,MA20 < MA60
2021-11-02,16544999.0,9808608554.0,594.0,597.0,590.0,592.0,2.0,11662.0,0.003389830508474523,0.003384097984240494,587.95,592.3333333333334,0.21665533492468153,23176236.35,0.7138777301949633,False,MA20 < MA60
2021-11-03,11404984.0,6773439607.0,597.0,597.0,592.0,592.0,0.0,8934.0,0.0,0.0,588.95,592.35,0.21665533492468153,21943303.05,0.5197478234709063,False,MA20 < MA60
2021-11-04,18888245.0,11112246412.0,592.0,594.0,585.0,587.0,-5.0,22171.0,-0.008445945945945943,-0.00848181505590923,589.75,592.2166666666667,0.2194000081527522,21188246.35,0.8914491878182264,False,MA20 < MA60
2021-11-05,35086799.0,20974569571.0,598.0,600.0,595.0,600.0,13.0,31929.0,0.022146507666098714,0.02190483538804983,590.75,592.3666666666667,0.2259870940651222,21518566.3,1.6305360919886192,False,MA20 < MA60
2021-11-08,20886897.0,12544595323.0,600.0,602.0,598.0,602.0,2.0,17964.0,0.0033333333333334103,0.003327790092674746,592.1,592.5666666666667,0.22264128706407962,21432815.95,0.9745288276037288,False,MA20 < MA60
2021-11-09,42340785.0,25935652781.0,611.0,617.0,610.0,611.0,9.0,42855.0,0.014950166112956742,0.014839513862774217,593.9,592.9833333333333,0.22679945485318811,22193550.8,1.9077967911290696,False,MA20 >= MA60
2021-11-10,18518512.0,11303615778.0,611.0,612.0,608.0,612.0,1.0,19147.0,0.0016366612111293755,0.001635323340730838,595.95,593.5,0.22375833083565383,22156104.55,0.8358198508320362,False,MA20 >= MA60
2021-11-11,20257792.0,12225622771.0,600.0,606.0,600.0,606.0,-6.0,16140.0,-0.009803921568627416,-0.009852296443011594,597.6,593.8666666666667,0.22873820666812159,22455462.1,0.9021320474184318,False,MA20 >= MA60
2021-11-12,21373014.0,12801799429.0,610.0,611.0,602.0,604.0,-2.0,13869.0,-0.0033003300330033403,-0.003305788134499544,597.8,594.2666666666667,0.15877863183955154,20758850.2,1.0295856366842515,False,MA20 >= MA60
2021-11-15,17140935.0,10434209332.0,609.0,611.0,607.0,608.0,4.0,13140.0,0.0066225165562914245,0.0066006840313520936,598.7,594.8333333333334,0.14667624661938256,20628199.8,0.8309467217784074,False,MA20 >= MA60
2021-11-16,21776308.0,13285168416.0,612.0,612.0,608.0,610.0,2.0,14487.0,0.00328947368421062,0.003284075201190019,599.2,595.6833333333333,0.1352147550370108,20781518.4,1.0478689564858745,False,MA20 >= MA60
2021-11-17,21829653.0,13330782804.0,615.0,615.0,608.0,610.0,0.0,14807.0,0.0,0.0,599.8,596.65,0.13435830194975543,20996107.15,1.0397000188675452,False,MA20 >= MA60
2021-11-18,22933191.0,14019057524.0,613.0,614.0,607.0,613.0,3.0,15913.0,0.004918032786885185,0.0049059787688544056,600.65,597.4333333333333,0.1339927607408973,21298650.5,1.0767438528558417,False,MA20 >= MA60
2021-11-19,38847820.0,24047156185.0,622.0,623.0,617.0,618.0,5.0,32179.0,0.00815660685154973,0.008123521521479347,601.55,598.2,0.13484222384362765,22529227.55,1.7243298694455238,False,MA20 >= MA60
2021-11-22,23296854.0,14354639781.0,618.0,618.0,615.0,615.0,-3.0,14108.0,-0.004854368932038833,-0.004866189651172899,602.65,598.7,0.12800584487799885,22807821.85,1.0214414227371738,False,MA20 >= MA60
2021-11-23,20022520.0,12266300247.0,615.0,615.0,611.0,612.0,-3.0,15011.0,-0.004878048780487809,-0.004889985294191792,603.3,599.0,0.1262203074045091,22456588.5,0.8916100502086504,False,MA20 >= MA60
2021-11-24,22978524.0,13904268592.0,612.0,612.0,602.0,603.0,-9.0,23584.0,-0.014705882352941124,-0.014815085785140587,603.5,599.0666666666667,0.13815617781879458,22792500.8,1.0081615967300963,False,MA20 >= MA60
2021-11-25,14171433.0,8551663451.0,605.0,607.0,601.0,603.0,0.0,14137.0,0.0,0.0,603.9,599.0333333333333,0.13564957759791998,22654714.75,0.6255401207380022,False,MA20 >= MA60
2021-11-26,27882175.0,16609442268.0,598.0,601.0,592.0,596.0,-7.0,47638.0,-0.011608623548922004,-0.01167652966183563,604.2,598.7333333333333,0.13894055168966704,22664589.85,1.2302086728474373,False,MA20 >= MA60
2021-11-29,24160615.0,14360266132.0,594.0,598.0,591.0,593.0,-3.0,23653.0,-0.005033557046979831,-0.005046268067624272,604.35,598.4,0.14034289494483837,23017102.75,1.049680981243393,False,MA20 >= MA60
2021-11-30,69160408.0,41208103150.0,597.0,600.0,591.0,596.0,3.0,24427.0,0.005059021922428242,0.005046268067624219,604.55,598.2166666666667,0.1409555229787774,25647873.2,2.6965357891741295,False,MA20 >= MA60
2021-12-01,30119408.0,18021861252.0,596.0,603.0,594.0,600.0,4.0,15695.0,0.006711409395973256,0.00668898815079671,604.95,597.8833333333333,0.142721421000781,26583594.4,1.133007355845002,False,MA20 >= MA60
2021-12-02,48720976.0,29780012954.0,605.0,615.0,602.0,615.0,15.0,40629.0,0.02499999999999991,0.024692612590371414,606.35,597.6166666666667,0.16230013010956343,28075230.95,1.7353722249611627,False,MA20 >= MA60
2021-12-03,27571974.0,16798271782.0,614.0,614.0,606.0,608.0,-7.0,16197.0,-0.011382113821138184,-0.011447385840350835,606.75,597.3666666666667,0.151418093066509,27699489.7,0.9953964603181842,False,MA20 >= MA60
2021-12-06,24474913.0,14740969839.0,603.0,609.0,600.0,600.0,-8.0,19139.0,-0.013157894736842146,-0.01324522675002068,606.65,597.05,0.15875956989355527,27878890.5,0.8779012565080379,False,MA20 >= MA60
2021-12-07,21105883.0,12704452330.0,602.0,607.0,597.0,607.0,7.0,22160.0,0.011666666666666714,0.01159913584335194,606.45,596.85,0.15500945489973209,26817145.4,0.787029442738525,False,MA20 >= MA60
2021-12-08,22194708.0,13490034097.0,614.0,614.0,602.0,602.0,-5.0,15634.0,-0.008237232289950547,-0.008271345750677193,605.95,596.5166666666667,0.15733245627830103,27000955.2,0.821997141790006,False,MA20 >= MA60
2021-12-09,12467833.0,7554386680.0,606.0,608.0,602.0,608.0,6.0,9231.0,0.009966777408637828,0.009917436657345924,606.05,596.4,0.15793808114131708,26611457.25,0.4685137263574696,False,MA20 >= MA60
2021-12-10,11371659.0,6874539365.0,605.0,608.0,602.0,605.0,-3.0,9215.0,-0.004934210526315819,-0.004946423935325574,606.1,596.2666666666667,0.15852534480331426,26111389.5,0.4355057014487873,False,MA20 >= MA60
2021-12-13,17994933.0,10887156003.0,609.0,610.0,601.0,601.0,-4.0,12503.0,-0.006611570247933907,-0.006633523495633906,605.75,596.1666666666666,0.15829664896483472,26154089.4,0.6880351567506686,False,MA20 >= MA60
2021-12-14,22997961.0,13757424386.0,598.0,600.0,597.0,599.0,-2.0,21324.0,-0.0033277870216306127,-0.0033333364197582274,605.2,596.15,0.15792026410628168,26215172.05,0.8772767524140662,False,MA20 >= MA60
2021-12-15,22419040.0,13420958112.0,597.0,601.0,596.0,600.0,1.0,19195.0,0.0016694490818029983,0.0016680571006970134,604.7,596.15,0.1581522309513813,26244641.4,0.854233047360289,False,MA20 >= MA60
2021-12-16,22151282.0,13370280179.0,605.0,605.0,601.0,605.0,0.0,15515.0,0.008333333333333304,0.008298802814695064,604.3,596.4666666666667,0.16023494545430672,26205545.95,0.8452898497999047,False,MA20 >= MA60
2021-12-17,30319495.0,18339763894.0,601.0,607.0,599.0,607.0,2.0,11667.0,0.0033057851239668423,0.0033003330286566998,603.75,596.7833333333333,0.1576194444685472,25779129.7,1.176125623821971,False,MA20 >= MA60
2021-12-20,22381761.0,13446342438.0,607.0,607.0,598.0,598.0,-9.0,18943.0,-0.014827018121911006,-0.014938037108866493,602.9,596.7833333333333,0.16479096859648873,25733375.05,0.8697561418396224,False,MA20 >= MA60
2021-12-21,17669559.0,10560361874.0,597.0,600.0,595.0,597.0,-1.0,17336.0,-0.0016722408026755842,-0.0016736405580296484,602.15,596.7,0.1642726415735832,25615727.0,0.6897933835725216,False,MA20 >= MA60
2021-12-22,10127887.0,6067689422.0,598.0,601.0,598.0,600.0,3.0,8238.0,0.005025125628140614,0.0050125418235441935,602.0,596.8,0.1575321410121817,24973195.15,0.40555030860758723,False,MA20 >= MA60
2021-12-23,16910501.0,10238270336.0,607.0,608.0,602.0,606.0,6.0,12888.0,0.010000000000000009,0.009950330853168092,602.15,597.2333333333333,0.16164823942027234,25110148.55,0.6734528458215752,False,MA20 >= MA60
2021-12-24,12008673.0,7276331245.0,606.0,609.0,604.0,604.0,-2.0,10444.0,-0.0033003300330033403,-0.003305788134499544,602.55,597.6333333333333,0.15612809704032424,24316473.45,0.49384928388947785,False,MA20 >= MA60
2021-12-27,16771900.0,10193462167.0,604.0,610.0,604.0,606.0,2.0,16637.0,0.0033112582781456013,0.0033057881344994103,603.2,598.1666666666666,0.15485936984937676,23947037.7,0.7003747273509324,False,MA20 >= MA60
2021-12-28,35156339.0,21569506434.0,610.0,615.0,610.0,615.0,9.0,36241.0,0.014851485148514865,0.014742281737203431,604.15,598.8833333333333,0.16189590183561894,22246834.25,1.5802850241489976,False,MA20 >= MA60
2021-12-29,25604320.0,15788043027.0,615.0,619.0,614.0,616.0,1.0,28804.0,0.001626016260162677,0.001624695727001983,604.95,599.6166666666667,0.1607770458286746,22021079.85,1.1627186393404771,False,MA20 >= MA60
2021-12-30,20522055.0,12654016133.0,619.0,620.0,615.0,615.0,-1.0,15565.0,-0.0016233766233766378,-0.001624695727001922,604.95,600.35,0.1344948824086982,20611133.8,0.9956781222777759,False,MA20 >= MA60
2022-01-03,73703302.0,46249716919.0,619.0,632.0,618.0,631.0,16.0,88508.0,0.026016260162601723,0.02568359473469538,606.1,601.2,0.15616131974323874,22917700.2,3.215999046885167,False,MA20 >= MA60
2022-01-04,90945643.0,59188199534.0,645.0,656.0,644.0,656.0,25.0,106409.0,0.03961965134706813,0.03885492640287587,608.9,602.55,0.1959507004952259,26241236.7,3.4657529307679313,False,MA20 >= MA60
2022-01-05,72505550.0,47582832784.0,669.0,669.0,646.0,650.0,-6.0,64712.0,-0.009146341463414642,-0.009188426054406255,611.05,603.8,0.19980436695982373,28811220.05,2.516573400021635,False,MA20 >= MA60
2022-01-06,57490736.0,36817638522.0,638.0,646.0,636.0,644.0,-6.0,53430.0,-0.009230769230769265,-0.009273636785329213,613.15,605.0166666666667,0.2006081138518287,30576021.45,1.8802556144857754,False,MA20 >= MA60
2022-01-07,39847766.0,25358237656.0,643.0,646.0,632.0,634.0,-10.0,44497.0,-0.01552795031055898,-0.015649771667127665,614.45,606.0333333333333,0.20982837042741603,31945018.1,1.2473859265085219,False,MA20 >= MA60
2022-01-10,39286754.0,25052138297.0,628.0,645.0,627.0,643.0,9.0,33453.0,0.014195583596214423,0.014095769800393376,616.35,606.75,0.21220260017230297,33340772.85,1.1783396316801336,False,MA20 >= MA60
2022-01-11,36186544.0,23361588355.0,646.0,651.0,639.0,651.0,8.0,26849.0,0.012441679626749691,0.012364917970949935,618.85,607.7666666666667,0.21137260030989968,34250353.4,1.0565305291127303,False,MA20 >= MA60
2022-01-12,40832298.0,26762357054.0,657.0,660.0,650.0,660.0,9.0,39164.0,0.01382488479262678,0.013730192811902037,621.9,608.7666666666667,0.21215977808045314,35142070.25,1.1619206754047167,False,MA20 >= MA60
2022-01-13,39172028.0,25813559647.0,658.0,662.0,655.0,661.0,1.0,34355.0,0.0015151515151514694,0.0015140048312150113,624.95,609.8166666666667,0.212192074611319,35979719.65,1.088725214677986,False,MA20 >= MA60
2022-01-14,98768193.0,66094477906.0,673.0,673.0,661.0,672.0,11.0,83211.0,0.016641452344931862,0.0165045006714632,628.3,611.0833333333334,0.21597154049141193,39810565.2,2.4809543020504514,False,MA20 >= MA60
2022-01-17,63828552.0,43615303577.0,685.0,688.0,678.0,683.0,11.0,61981.0,0.016369047619047672,0.016236519047640573,632.1,612.4666666666667,0.21928227790150756,41486018.05,1.5385557592698391,False,MA20 >= MA60
2022-01-18,48802321.0,32742176854.0,678.0,681.0,662.0,662.0,-21.0,65357.0,-0.030746705710102518,-0.031229303633781885,635.3,613.6166666666667,0.24510280589061603,42807046.05,1.140053460895137,False,MA20 >= MA60
2022-01-19,44092247.0,28859030269.0,652.0,660.0,651.0,654.0,-8.0,50763.0,-0.012084592145015116,-0.012158204479809519,638.15,614.5333333333333,0.25167873307496386,44128180.45,0.9991857028856942,False,MA20 >= MA60
2022-01-20,48996473.0,31893527292.0,650.0,657.0,646.0,651.0,-3.0,39346.0,-0.004587155963302725,-0.0045977092486294314,640.7,615.4,0.25381220909408064,46071609.75,1.063485154216909,False,MA20 >= MA60
2022-01-21,53966101.0,34642476570.0,644.0,646.0,637.0,641.0,-10.0,66088.0,-0.015360983102918557,-0.015480185287899172,642.45,616.1666666666666,0.26197023337531183,47924389.75,1.1260675677148293,False,MA20 >= MA60
2022-01-24,48665203.0,31412475591.0,639.0,655.0,637.0,653.0,12.0,36231.0,0.018720748829953227,0.01854767235576105,644.9,617.2166666666667,0.2666329983635602,49757216.25,0.9780531683180729,False,MA20 >= MA60
2022-01-25,53927064.0,34582254327.0,643.0,645.0,638.0,641.0,-12.0,56698.0,-0.018376722817764146,-0.018547672355761,646.65,618.0666666666667,0.27828002984672967,51614974.45,1.0447949374118115,False,MA20 >= MA60
2022-01-26,33093553.0,21089251429.0,635.0,641.0,635.0,636.0,-5.0,35647.0,-0.007800312012480548,-0.007830893580547945,647.7,618.8,0.2770519464206372,51511835.15,0.6424456225182651,False,MA20 >= MA60
2022-02-07,64637049.0,41221401027.0,644.0,644.0,631.0,635.0,-1.0,43774.0,-0.0015723270440252124,-0.001573564447430552,648.65,619.5166666666667,0.27731478875282894,53463471.6,1.208994610069429,False,MA20 >= MA60
2022-02-08,43786259.0,27805114442.0,645.0,645.0,628.0,628.0,-7.0,40026.0,-0.011023622047244053,-0.01108483242449293,649.3,620.2,0.28077873204457826,54626681.8,0.8015544337895333,False,MA20 >= MA60
2022-02-09,33633394.0,21289086984.0,635.0,637.0,630.0,633.0,5.0,29746.0,0.0079617834394905,0.007930255675977564,649.4,620.75,0.2665636240458147,52623186.4,0.6391364016679918,False,MA20 >= MA60
2022-02-10,37388892.0,24028303016.0,639.0,649.0,637.0,649.0,16.0,28452.0,0.025276461295418606,0.024962294559913775,649.05,621.5333333333333,0.24225010786758383,49945348.85,0.7485960727251983,False,MA20 >= MA60
2022-02-11,28194682.0,18225628338.0,646.0,650.0,642.0,650.0,1.0,21995.0,0.0015408320493066618,0.0015396461855928362,649.05,622.1833333333333,0.24010822359103945,47729805.45,0.5907143709088803,False,MA20 >= MA60
2022-02-14,39394670.0,25104180949.0,640.0,641.0,635.0,637.0,-13.0,33928.0,-0.020000000000000018,-0.020202707317519466,648.7,622.6,0.24855841154339017,46825002.15,0.841316992870656,False,MA20 >= MA60
2022-02-15,24497955.0,15556533655.0,633.0,639.0,633.0,633.0,-4.0,31907.0,-0.006279434850863463,-0.006299233427987201,648.65,623.05,0.24321794910997724,46057511.6,0.5318992309606235,False,MA20 >= MA60
2022-02-16,27395771.0,17635435307.0,645.0,646.0,640.0,646.0,13.0,23136.0,0.020537124802527673,0.02032908163842569,648.8,623.75,0.24908656078772412,45462962.45,0.6025953770639071,False,MA20 >= MA60
2022-02-17,20447347.0,13171026165.0,644.0,646.0,641.0,645.0,-1.0,16116.0,-0.001547987616099089,-0.0015491869868293781,648.5,624.3666666666667,0.24499564700272597,44676002.6,0.45768076394551915,False,MA20 >= MA60
2022-02-18,21948975.0,13997433486.0,638.0,639.0,636.0,637.0,-8.0,23892.0,-0.012403100775193798,-0.012480661223609144,647.35,624.8166666666667,0.24254658417048086,43731836.45,0.5018992290683919,False,MA20 >= MA60
2022-02-21,25769408.0,16320629980.0,633.0,636.0,632.0,632.0,-5.0,41961.0,-0.00784929356357933,-0.007880261425305976,645.9,625.1833333333333,0.24319704245365262,43061705.45,0.5984298051065694,False,MA20 >= MA60
2022-02-22,38526210.0,24153923316.0,628.0,630.0,625.0,627.0,-5.0,68303.0,-0.007911392405063333,-0.00794285351393677,643.65,625.4166666666666,0.23348517496847138,40049606.3,0.9619622652819936,False,MA20 >= MA60
2022-02-23,34561338.0,21606428438.0,624.0,629.0,623.0,625.0,-2.0,50926.0,-0.0031897926634768536,-0.0031948908965191767,640.75,625.5333333333333,0.22158779227059336,38586245.6,0.8956906136522388,False,MA20 >= MA60
2022-02-24,80672979.0,49358065299.0,618.0,619.0,604.0,604.0,-21.0,188248.0,-0.03359999999999996,-0.03417745180158651,637.85,625.35,0.22628030452202835,40179778.5,2.0078004909857827,False,MA20 >= MA60
2022-02-25,94155943.0,56880320916.0,600.0,609.0,600.0,604.0,0.0,129776.0,0.0,0.0,635.35,625.2166666666667,0.2249540310135654,42682963.3,2.2059373511210736,False,MA20 >= MA60
2022-03-01,70303880.0,42445208215.0,599.0,610.0,599.0,604.0,0.0,67439.0,0.0,0.0,633.0,625.2333333333333,0.22534990127055643,43748333.65,1.6070070362554256,False,MA20 >= MA60
2022-03-02,42428151.0,25528700277.0,601.0,605.0,600.0,601.0,-3.0,58916.0,-0.004966887417218513,-0.004979263399607338,631.0,625.2,0.22116339556151532,43171436.15,0.9827829413082891,False,MA20 >= MA60
2022-03-03,37103932.0,22373890387.0,603.0,607.0,601.0,602.0,1.0,65410.0,0.0016638935108153063,0.0016625107736134572,628.45,625.3,0.20662811744357326,42593372.6,0.8711198417755723,False,MA20 >= MA60
2022-03-04,65235167.0,38833099256.0,595.0,597.0,592.0,595.0,-7.0,206731.0,-0.011627906976744207,-0.011696039763191298,626.15,625.3333333333334,0.20172063857232245,43158777.75,1.5115156267371357,False,MA20 >= MA60
2022-03-07,97167600.0,56147025127.0,580.0,581.0,575.0,576.0,-19.0,297917.0,-0.031932773109243695,-0.032453744849738515,623.15,625.0,0.22515019643756765,46362480.1,2.0958240325025232,False,MA20 < MA60
2022-03-08,88371413.0,49908147901.0,561.0,570.0,561.0,563.0,-13.0,269695.0,-0.02256944444444442,-0.022828032556200833,619.55,624.3833333333333,0.23328995818246825,47549198.3,1.8585258250295253,False,MA20 < MA60
2022-03-09,57512412.0,32761408119.0,567.0,573.0,567.0,568.0,5.0,112422.0,0.008880994671403242,0.008841790581461012,616.55,623.6,0.23813635176574777,48235505.95,1.1923252564120765,False,MA20 < MA60
2022-03-10,49092145.0,28798814637.0,585.0,589.0,582.0,587.0,19.0,71569.0,0.03345070422535201,0.032903401106945,614.25,623.25,0.2712779522011039,49008443.5,1.0017078995785695,False,MA20 < MA60
2022-03-11,42981381.0,24820833930.0,581.0,582.0,574.0,575.0,-12.0,112158.0,-0.020442930153321992,-0.020654779030746025,610.55,622.8333333333334,0.25470885542563176,49288067.95,0.8720443463842449,False,MA20 < MA60
2022-03-14,38562552.0,22131365409.0,574.0,577.0,572.0,572.0,-3.0,87337.0,-0.00521739130434784,-0.005231049417552556,606.65,622.25,0.25321126945144085,49806461.45,0.7742479766146888,False,MA20 < MA60
2022-03-15,84338792.0,47191728965.0,562.0,563.0,558.0,558.0,-14.0,277901.0,-0.02447552447552448,-0.024780028998486966,602.7,621.5166666666667,0.25690598341829185,52053667.55,1.6202276605964148,False,MA20 < MA60
2022-03-16,50764807.0,28345633852.0,564.0,565.0,555.0,558.0,0.0,110732.0,0.0,0.0,598.95,620.6833333333333,0.2579339780009315,53367010.15,0.9512394802953,False,MA20 < MA60
2022-03-17,65820899.0,38121960334.0,578.0,583.0,575.0,582.0,24.0,65468.0,0.043010752688172005,0.04211148535012685,595.75,620.3,0.29800853300994085,55288266.55,1.1905039370419546,True,MA20 < MA60
2022-03-18,49583448.0,28771454221.0,582.0,582.0,576.0,581.0,-1.0,39576.0,-0.0017182130584192379,-0.0017196908795265881,592.55,619.9666666666667,0.29798271605927906,56745071.6,0.8737930291024604,False,MA20 < MA60
2022-03-21,22800165.0,13363354969.0,583.0,589.0,583.0,586.0,5.0,32617.0,0.008605851979345935,0.008569032725101367,590.0,619.75,0.30042369052035434,56787631.1,0.401498786942708,False,MA20 < MA60
2022-03-22,23421124.0,13613967252.0,577.0,586.0,577.0,583.0,-3.0,27371.0,-0.005119453924914641,-0.005132603226520202,587.55,619.4666666666667,0.3001152302204361,56670216.9,0.4132880599579989,False,MA20 < MA60
2022-03-23,27475008.0,16177424772.0,590.0,590.0,586.0,590.0,7.0,30970.0,0.012006861063464935,0.011935350549272854,585.7,619.2166666666667,0.30483828608726293,56117656.8,0.4895964936297911,False,MA20 < MA60
2022-03-24,20769676.0,12232627003.0,587.0,592.0,585.0,591.0,1.0,21647.0,0.0016949152542373724,0.0016934805063331477,584.0,618.95,0.30526145568226837,55428073.7,0.37471401428117823,False,MA20 < MA60
2022-03-25,26794684.0,15984831591.0,597.0,598.0,595.0,598.0,7.0,29896.0,0.011844331641285955,0.011774736544533537,583.7,618.95,0.28610804811970647,52734158.95,0.5081086819912201,False,MA20 < MA60
2022-03-28,27954730.0,16298449416.0,581.0,586.0,580.0,584.0,-14.0,54537.0,-0.02341137123745818,-0.02368977112240466,582.7,618.7333333333333,0.2975720883599439,49424098.3,0.5656093072314078,False,MA20 < MA60
2022-03-29,15742359.0,9243985774.0,586.0,589.0,584.0,589.0,5.0,21222.0,0.008561643835616417,0.008525200823359627,581.95,618.55,0.2996949909193657,46696022.25,0.3371241969116545,False,MA20 < MA60
2022-03-30,43256548.0,25908489513.0,599.0,600.0,597.0,600.0,11.0,48535.0,0.018675721561969505,0.018503471564559726,581.9,618.45,0.3072906744403911,46737442.1,0.9255223661459213,False,MA20 < MA60
2022-03-31,25130417.0,15014260610.0,602.0,602.0,594.0,597.0,-3.0,18860.0,-0.0050000000000000044,-0.005012541823544286,581.65,618.3333333333334,0.30774923373414015,46138766.35,0.5446703279703099,False,MA20 < MA60
2022-04-01,31247086.0,18328227645.0,585.0,589.0,584.0,589.0,-8.0,53178.0,-0.01340033500837523,-0.013490929741015402,581.35,618.05,0.3086820805752574,44439362.3,0.7031398378099589,False,MA20 < MA60
2022-04-06,40726932.0,23547636944.0,578.0,580.0,575.0,578.0,-11.0,62822.0,-0.018675721561969394,-0.018852314979209188,581.45,617.4333333333333,0.2939129725389532,41617328.9,0.9786051406100693,False,MA20 < MA60
2022-04-07,47212937.0,26881649976.0,571.0,573.0,566.0,566.0,-12.0,130552.0,-0.02076124567474047,-0.02097979046919452,581.6,616.6,0.2921085766524073,39559405.1,1.1934693375861711,False,MA20 < MA60
2022-04-08,31406384.0,17821660486.0,567.0,570.0,566.0,567.0,1.0,75778.0,0.0017667844522968323,0.0017652255245691492,581.55,615.8,0.2904642134715664,38254103.7,0.8209938532686102,False,MA20 < MA60
2022-04-11,41713758.0,23401330531.0,563.0,566.0,558.0,558.0,-9.0,130731.0,-0.015873015873015928,-0.01600034134644119,580.1,614.5833333333334,0.2671109799496869,37885184.35,1.101057279136613,False,MA20 < MA60
2022-04-12,34799056.0,19418030839.0,554.0,564.0,552.0,557.0,-1.0,69280.0,-0.0017921146953404632,-0.0017937224540268775,579.2,612.9333333333333,0.2584626413898127,37476068.1,0.9285674235392907,False,MA20 < MA60
2022-04-13,36968137.0,21134384849.0,564.0,576.0,563.0,573.0,16.0,41249.0,0.02872531418312385,0.028320476787455518,579.25,611.65,0.279177215320082,37396347.35,0.9885494070853419,False,MA20 < MA60
2022-04-14,20224847.0,11618596373.0,577.0,578.0,573.0,573.0,0.0,27442.0,0.0,0.0,580.0,610.4666666666667,0.2635258955160586,34190650.1,0.5915315134648463,False,MA20 < MA60
2022-04-15,33158930.0,18667922752.0,562.0,566.0,561.0,562.0,-11.0,99936.0,-0.01919720767888311,-0.01938386682104853,580.2,609.2666666666667,0.2735532461585818,33310356.25,0.9954540789397892,False,MA20 < MA60
2022-04-18,16579296.0,9311198146.0,559.0,566.0,558.0,561.0,-1.0,31712.0,-0.001779359430605032,-0.0017809443709948087,579.15,607.9,0.22270570427316422,30848276.1,0.5374464344864963,False,MA20 < MA60
2022-04-19,18811242.0,10639032272.0,566.0,569.0,563.0,565.0,4.0,24598.0,0.007130124777183555,0.007104825623744582,578.35,606.4666666666667,0.22492217387382377,29309665.8,0.6418101839973896,False,MA20 < MA60
2022-04-20,28240222.0,16016967192.0,570.0,570.0,562.0,570.0,5.0,28615.0,0.008849557522123908,0.008810629682154906,577.55,604.9666666666667,0.22506614485244172,29581668.65,0.9546527727738577,False,MA20 < MA60
2022-04-21,21539083.0,12221437009.0,571.0,571.0,565.0,565.0,-5.0,28847.0,-0.00877192982456143,-0.00881062968215492,576.65,603.3666666666667,0.2262611416233838,29487566.6,0.7304462688352181,False,MA20 < MA60
2022-04-22,35567672.0,19849449551.0,558.0,559.0,557.0,558.0,-7.0,81550.0,-0.012389380530973493,-0.012466768765130047,575.05,601.4666666666667,0.22354340311996465,29892199.8,1.1898646549257976,False,MA20 < MA60
2022-04-25,49067362.0,26907070565.0,550.0,552.0,546.0,547.0,-11.0,165619.0,-0.01971326164874554,-0.01991015995932975,572.85,599.2,0.23077296256583366,31307084.1,1.5672926243552652,False,MA20 < MA60
2022-04-26,39549934.0,21628474846.0,550.0,551.0,544.0,546.0,-1.0,90252.0,-0.001828153564899404,-0.001829826677076116,570.25,597.2666666666667,0.22349936771970721,31944846.6,1.2380693041111677,False,MA20 < MA60
2022-04-27,65034122.0,34416315121.0,530.0,532.0,526.0,526.0,-20.0,217895.0,-0.03663003663003661,-0.03731776300719516,567.35,595.1333333333333,0.24249598282337373,33798816.2,1.9241538406306666,False,MA20 < MA60
2022-04-28,50406145.0,26653291522.0,530.0,532.0,523.0,531.0,5.0,79897.0,0.009505703422053147,0.009460808504228889,564.45,593.1333333333333,0.24322372533103367,35532005.5,1.418612439424507,False,MA20 < MA60
2022-04-29,39960198.0,21586196160.0,547.0,547.0,535.0,538.0,7.0,41498.0,0.013182674199623268,0.013096538919845498,561.35,591.4166666666666,0.23681159210258335,35367188.0,1.1298664174262314,False,MA20 < MA60
2022-05-03,29502561.0,15790689728.0,538.0,540.0,530.0,531.0,-7.0,48050.0,-0.013011152416356864,-0.013096538919845569,558.05,589.3833333333333,0.23836464638392219,35585795.2,0.8290544256265489,False,MA20 < MA60
2022-05-04,17305449.0,9229779558.0,533.0,537.0,530.0,534.0,3.0,27460.0,0.005649717514124353,0.005633817718256064,555.3,587.6,0.23982463209472316,34888713.35,0.4960185497926939,False,MA20 < MA60
2022-05-05,22540182.0,12209716759.0,543.0,544.0,539.0,542.0,8.0,26904.0,0.014981273408239737,0.014870162479451407,553.5,586.0333333333333,0.2436874458227228,33979375.85,0.6633489119842088,False,MA20 < MA60
2022-05-06,34512038.0,18241210653.0,528.0,531.0,526.0,528.0,-14.0,66208.0,-0.02583025830258301,-0.02616971773338472,551.6,584.25,0.24916339037439267,33344330.9,1.0350196590689424,False,MA20 < MA60
2022-05-09,27309304.0,14249571058.0,523.0,524.0,520.0,520.0,-8.0,82004.0,-0.015151515151515138,-0.01526747213078842,549.25,582.45,0.2517777049417171,33139476.9,0.8240716678300979,False,MA20 < MA60
2022-05-10,44322247.0,22673191861.0,506.0,519.0,505.0,518.0,-2.0,83371.0,-0.0038461538461538325,-0.0038535693159899662,547.25,580.5333333333333,0.24797099244963722,33269901.35,1.3322025374746114,False,MA20 < MA60
2022-05-11,28109896.0,14662149551.0,518.0,526.0,518.0,521.0,3.0,40227.0,0.005791505791505891,0.005774799493883958,545.45,578.4,0.250154145171077,32935443.35,0.8534846700340532,False,MA20 < MA60
2022-05-12,35824788.0,18310112210.0,516.0,518.0,505.0,505.0,-16.0,107513.0,-0.030710172744721653,-0.031191612478007055,542.05,575.9833333333333,0.2381759013168794,32878275.9,1.0896188142274212,False,MA20 < MA60
2022-05-13,30204773.0,15412261905.0,507.0,514.0,506.0,511.0,6.0,37707.0,0.011881188118811892,0.01181116092834462,538.95,573.8833333333333,0.24587958705366678,33377272.2,0.9049503152627314,False,MA20 < MA60
2022-05-16,22012610.0,11472463517.0,521.0,524.0,518.0,520.0,9.0,30034.0,0.017612524461839474,0.01745922137176855,536.85,572.0,0.2534699626730921,32819956.2,0.6707080858322413,False,MA20 < MA60
2022-05-17,25812051.0,13627135311.0,521.0,533.0,520.0,530.0,10.0,30826.0,0.019230769230769162,0.01904819497069441,535.3,570.0666666666667,0.2662882121804808,33281593.95,0.7755653481854946,False,MA20 < MA60
2022-05-18,33605299.0,18075946322.0,541.0,541.0,534.0,538.0,8.0,34913.0,0.015094339622641506,0.014981553615616894,533.95,568.2833333333333,0.27163587022300767,34021296.8,0.9877724296505948,False,MA20 < MA60
2022-05-19,40798132.0,21322524192.0,523.0,527.0,520.0,522.0,-16.0,47232.0,-0.029739776951672847,-0.030190972279145682,531.55,566.3666666666667,0.2848347867919434,34649192.3,1.1774627138999718,False,MA20 < MA60
2022-05-20,26111163.0,13784969436.0,524.0,532.0,523.0,530.0,8.0,21767.0,0.015325670498084198,0.015209418663528707,529.8,564.6666666666666,0.29248462017286553,34877796.3,0.7486471557837501,False,MA20 < MA60
2022-05-23,18919447.0,10040778291.0,533.0,534.0,528.0,528.0,-2.0,18775.0,-0.0037735849056603765,-0.0037807228399060443,528.3,563.0166666666667,0.2904194723696906,34045385.05,0.5557125282094585,False,MA20 < MA60
2022-05-24,19130619.0,10036942322.0,530.0,531.0,520.0,520.0,-8.0,31716.0,-0.015151515151515138,-0.01526747213078842,526.95,561.2666666666667,0.2872885799966161,32548547.9,0.5877564510335652,False,MA20 < MA60
2022-05-25,22460245.0,11782306905.0,522.0,529.0,520.0,524.0,4.0,18352.0,0.007692307692307665,0.007662872745569097,525.85,559.9333333333333,0.2895061922734431,31694063.45,0.7086577912432368,False,MA20 < MA60
2022-05-26,31542825.0,16336162581.0,523.0,525.0,513.0,514.0,-10.0,72846.0,-0.01908396946564883,-0.019268418865877032,525.25,558.4333333333333,0.26744350901144315,30019498.6,1.0507445650674525,False,MA20 < MA60
2022-05-27,30113220.0,15855257581.0,524.0,530.0,522.0,530.0,16.0,28711.0,0.03112840466926059,0.030653741091002305,525.2,557.2,0.28888209022510986,29004852.35,1.0382131802163785,False,MA20 < MA60
2022-05-30,36480411.0,19757635264.0,538.0,547.0,537.0,547.0,17.0,42797.0,0.03207547169811331,0.03157179587581379,525.65,556.3,0.3074491473834133,28830863.0,1.2653249748368613,False,MA20 < MA60
2022-05-31,81962870.0,45507333341.0,542.0,560.0,540.0,560.0,13.0,34286.0,0.02376599634369292,0.02348798130721376,527.1,555.6,0.312874437995478,31453878.45,2.605811239790049,False,MA20 < MA60
2022-06-01,32970903.0,18171598472.0,550.0,555.0,548.0,549.0,-11.0,33456.0,-0.019642857142857184,-0.019838342219664327,527.85,554.8333333333334,0.32259958643268444,32237151.15,1.0227610636742013,False,MA20 < MA60
2022-06-02,26063495.0,14122936388.0,544.0,545.0,540.0,540.0,-9.0,30042.0,-0.016393442622950838,-0.016529301951210582,527.75,554.2333333333333,0.3245340834630363,32413316.8,0.8040983636700827,False,MA20 < MA60
2022-06-06,23732327.0,12843324209.0,541.0,544.0,538.0,540.0,0.0,16614.0,0.0,0.0,528.35,553.85,0.3098730115261777,31874331.25,0.7445592133011418,False,MA20 < MA60
2022-06-07,22152512.0,11846386906.0,535.0,538.0,532.0,535.0,-5.0,28586.0,-0.0092592592592593,-0.009302392662313561,529.1,553.3,0.3064091176507736,31616491.65,0.7006631932863431,False,MA20 < MA60
2022-06-08,19609522.0,10636701303.0,539.0,545.0,538.0,544.0,9.0,18487.0,0.016822429906542036,0.016682499959936058,530.4,552.5833333333334,0.31029550437495057,30380855.4,0.6454565462959282,False,MA20 < MA60
2022-06-09,16894479.0,9115934006.0,538.0,542.0,537.0,541.0,-3.0,18802.0,-0.005514705882352922,-0.005529968009461086,531.4,552.0166666666667,0.3113627780307292,29820084.55,0.5665469851929041,False,MA20 < MA60
2022-06-10,22614596.0,12011615014.0,530.0,533.0,529.0,530.0,-11.0,44802.0,-0.020332717190388205,-0.020542272300314038,532.65,551.3166666666667,0.2987986994010242,29159574.95,0.7755461469783873,False,MA20 < MA60
2022-06-13,36758925.0,18998155460.0,518.0,519.0,515.0,516.0,-14.0,112023.0,-0.026415094339622636,-0.02677024106460478,532.9,550.6166666666667,0.3135572725474603,29487282.55,1.246602664646017,False,MA20 < MA60
2022-06-14,38838778.0,19813036892.0,507.0,514.0,507.0,513.0,-3.0,85483.0,-0.005813953488372103,-0.00583092031079321,532.55,549.8666666666667,0.30774327435792564,30328590.95,1.28059948660424,False,MA20 < MA60
2022-06-15,38360508.0,19580150319.0,508.0,515.0,508.0,509.0,-4.0,72687.0,-0.007797270955165692,-0.007827828620246792,531.5,548.65,0.29960786239979903,30956013.8,1.2391940463600646,False,MA20 < MA60
2022-06-16,31908028.0,16331470764.0,515.0,516.0,507.0,508.0,0.0,42177.0,-0.0019646365422396617,-0.001966568972040827,530.0,547.4333333333333,0.292854504726744,30871150.25,1.0335872729588365,False,MA20 < MA60
2022-06-17,48400798.0,24260277915.0,499.5,503.0,499.0,501.0,-7.0,119618.0,-0.013779527559055094,-0.01387534649361707,528.95,546.0166666666667,0.2784369754928564,31251283.55,1.5487619227722889,False,MA20 < MA60
2022-06-20,36664463.0,18267359790.0,500.0,502.0,495.0,498.0,-3.0,89541.0,-0.005988023952095856,-0.006006024060211922,527.35,544.6,0.27112521174618337,31778948.55,1.1537343012564838,False,MA20 < MA60
2022-06-21,34432537.0,17298234720.0,501.0,505.0,499.0,505.0,7.0,32427.0,0.014056224899598346,0.013958352250706855,526.2,543.1833333333333,0.2777318813203742,32554603.05,1.0576856657448939,False,MA20 < MA60
2022-06-22,33438921.0,16630857096.0,501.0,503.0,494.5,494.5,-10.5,81024.0,-0.02079207920792081,-0.021011278212593038,524.925,541.575,0.2819427463984573,33270018.15,1.0050767285199091,False,MA20 < MA60
2022-06-23,46808462.0,22836692325.0,492.0,493.5,485.0,485.5,-9.0,104661.0,-0.018200202224469164,-0.018367863331387208,523.0,539.7,0.284663861976318,34487429.0,1.3572615691358147,False,MA20 < MA60
2022-06-24,29003676.0,14184287155.0,489.5,492.5,485.5,486.5,1.0,43609.0,0.002059732234809486,0.0020576138946801622,521.625,538.075,0.27930928964601714,34360471.55,0.8441000571774749,False,MA20 < MA60
2022-06-27,38684368.0,19379396938.0,496.0,506.0,495.5,498.5,12.0,37438.0,0.02466598150051391,0.024366687775833305,520.05,536.5666666666667,0.26973718462778506,34789028.95,1.1119703299450672,False,MA20 < MA60
2022-06-28,16867955.0,8392290378.0,496.0,500.0,496.0,497.5,-1.0,18988.0,-0.0020060180541624506,-0.0020080328032455234,517.575,534.8583333333333,0.23612201796729473,33808406.15,0.4989278383950082,False,MA20 < MA60
2022-06-29,33124986.0,16352376816.0,496.0,498.5,491.0,491.0,-6.5,40024.0,-0.013065326633165841,-0.013151428804126895,514.125,533.0916666666667,0.21238331006498173,31366511.95,1.0560621484723296,False,MA20 < MA60
2022-06-30,49820824.0,23900613642.0,484.5,486.5,476.0,476.0,-15.0,111117.0,-0.03054989816700615,-0.031026273563100618,510.475,531.2083333333334,0.2245381872593186,32209008.0,1.5467978399086368,False,MA20 < MA60
2022-07-01,72597018.0,33459624760.0,471.5,474.0,452.5,453.5,-22.5,172267.0,-0.047268907563025264,-0.048422584676228765,506.15,529.1333333333333,0.2647853573296558,34535684.15,2.102087153817105,True,MA20 < MA60
2022-07-04,61206245.0,27225872277.0,443.0,451.5,440.0,440.0,-13.5,96760.0,-0.029768467475192906,-0.03022054264288441,501.15,527.0333333333333,0.2729831092691205,36409380.05,1.681057049473162,False,MA20 < MA60
2022-07-05,55469884.0,24538415224.0,449.5,451.5,433.0,446.0,6.0,70715.0,0.013636363636363669,0.013544225107757253,496.7,525.0166666666667,0.2856613085378424,38075248.65,1.4568488970327447,False,MA20 < MA60
2022-07-06,42156925.0,18556660847.0,442.0,447.5,435.0,435.5,-10.5,59018.0,-0.023542600896861,-0.023824155727506593,491.275,522.975,0.27311029117273317,39202618.8,1.0753599195776178,False,MA20 < MA60
2022-07-07,50984110.0,22992311966.0,442.0,459.0,438.5,457.5,22.0,56227.0,0.05051664753157281,0.04928208842301843,487.1,521.3166666666667,0.3495419927269773,40907100.35,1.2463388889405846,True,MA20 < MA60
2022-07-08,39134398.0,18251251558.0,470.0,470.5,461.5,467.0,9.5,46039.0,0.02076502732240426,0.0205523729533212,483.95,519.55,0.3607556204755813,41733090.45,0.9377306491808108,False,MA20 < MA60
2022-07-11,22930675.0,10673806551.0,468.0,470.5,461.0,462.0,-5.0,25631.0,-0.010706638115631661,-0.01076436658715843,481.25,517.7,0.3532323731877747,41041677.95,0.5587168007101425,False,MA20 < MA60
2022-07-12,24155935.0,10932798847.0,458.0,458.0,449.5,449.5,-12.5,34431.0,-0.02705627705627711,-0.027429037170063942,478.075,515.825,0.361609111002323,40307535.8,0.5992907906813792,False,MA20 < MA60
2022-07-13,48134139.0,22639696871.0,470.5,473.0,466.0,470.5,21.0,48964.0,0.04671857619577313,0.04566010511375941,476.15,514.3166666666667,0.4075532859668356,40796217.35,1.1798676967289958,True,MA20 < MA60
2022-07-14,34014188.0,16045789881.0,466.0,477.5,463.0,475.0,4.5,36454.0,0.009564293304994642,0.00951884500920684,474.5,512.8166666666667,0.41021784646992104,40901525.35,0.8316117237422296,False,MA20 < MA60
2022-07-15,56039339.0,27285128552.0,481.0,494.0,477.0,492.5,17.5,63691.0,0.03684210526315779,0.03617965657750226,474.075,511.525,0.4314414895550757,41283452.4,1.3574286001332583,False,MA20 < MA60
2022-07-18,40797601.0,20142703483.0,495.5,498.5,488.5,495.5,3.0,42574.0,0.006091370558375608,0.006072893157899083,473.95,510.3666666666667,0.4315364166056271,41490109.3,0.9833090750618968,False,MA20 < MA60
2022-07-19,20554247.0,10063256350.0,487.5,493.0,486.5,491.0,-4.5,25035.0,-0.00908173562058523,-0.009123225975522063,473.25,509.25,0.42942078426930186,40796194.8,0.5038275530540413,False,MA20 < MA60
2022-07-20,36862724.0,18330197370.0,502.0,503.0,491.5,495.0,4.0,40233.0,0.008146639511201537,0.008113634774169631,473.275,508.3833333333333,0.4240355466431205,40967384.95,0.8998066155550404,False,MA20 < MA60
2022-07-21,23893063.0,11887266420.0,496.0,501.0,494.0,501.0,6.0,23039.0,0.0121212121212122,0.012048338516174574,474.05,507.6333333333333,0.4200471776436682,39821615.0,0.6000023605270655,False,MA20 < MA60
2022-07-22,26904474.0,13525083791.0,505.0,505.0,500.0,503.0,2.0,26122.0,0.003992015968063978,0.003984069014874513,474.875,507.25,0.4201126673440809,39716654.9,0.6774103727451629,False,MA20 < MA60
2022-07-25,16803972.0,8402110298.0,500.0,503.0,498.0,499.5,-3.5,17230.0,-0.006958250497017926,-0.00698257201113103,474.925,506.725,0.41241060208104646,38622635.1,0.43508093004249726,False,MA20 < MA60
2022-07-26,19524143.0,9665183112.0,499.5,499.5,491.0,495.0,-4.5,29293.0,-0.009009009009009028,-0.009049835519917927,474.8,506.0083333333333,0.41370400830674947,38755444.5,0.5037780691690944,False,MA20 < MA60
2022-07-27,18411136.0,9144660659.0,494.0,502.0,491.0,502.0,7.0,20351.0,0.014141414141414232,0.014042357123038984,475.35,505.525,0.4135195052569615,38019752.0,0.4842518699227707,False,MA20 < MA60
2022-07-28,35020547.0,17665645632.0,509.0,509.0,499.0,501.0,-1.0,31274.0,-0.0019920318725099584,-0.0019940186068643953,476.6,504.975,0.396293670462033,37279738.15,0.9393989533695263,False,MA20 < MA60
2022-07-29,30632627.0,15571856556.0,508.0,510.0,504.0,509.0,8.0,24762.0,0.015968063872255467,0.015841915465657923,479.375,504.425,0.35121306184435114,35181518.6,0.870702238532705,False,MA20 < MA60
2022-08-01,24991291.0,12569771761.0,506.0,508.0,500.0,504.0,-5.0,26792.0,-0.00982318271119842,-0.009871748479154117,482.575,504.025,0.3307999302245605,33370770.9,0.7488976228595307,False,MA20 < MA60
2022-08-02,42669591.0,20973293337.0,494.0,496.0,488.5,492.0,-12.0,63879.0,-0.023809523809523836,-0.02409755157906053,484.875,503.55833333333334,0.34716123510137864,32730756.25,1.3036542961026145,False,MA20 < MA60
2022-08-03,29838832.0,14823224632.0,494.0,501.0,493.0,501.0,9.0,25570.0,0.018292682926829285,0.0181273845925567,488.15,503.275,0.33277368702424115,32114851.6,0.9291287523807209,False,MA20 < MA60
2022-08-04,26589086.0,13279624282.0,499.0,503.0,495.0,500.0,-1.0,27173.0,-0.001996007984031989,-0.0019980026626731087,490.275,502.925,0.2918827381707382,30895100.4,0.8606246833883084,False,MA20 < MA60
2022-08-05,35052642.0,17966410242.0,509.0,516.0,507.0,516.0,16.0,49928.0,0.03200000000000003,0.031498667059371016,492.725,503.10833333333335,0.30265551933868867,30691012.6,1.14211422271548,False,MA20 < MA60
2022-08-08,20568971.0,10531710250.0,510.0,515.0,509.0,512.0,-4.0,18131.0,-0.007751937984496138,-0.007782140442054963,495.225,503.125,0.3007753601035072,30572927.4,0.6727838237695224,False,MA20 < MA60
2022-08-09,24370709.0,12372442661.0,507.0,511.0,504.0,510.0,-2.0,25433.0,-0.00390625,-0.003913899321136329,498.25,502.9583333333333,0.2780946960004683,30583666.1,0.7968537493286326,False,MA20 < MA60
2022-08-10,22112239.0,11075581424.0,500.0,503.0,499.5,500.0,-10.0,35188.0,-0.019607843137254943,-0.019802627296179754,499.725,502.4583333333333,0.24893085793718178,29282571.1,0.755133110562139,False,MA20 < MA60
2022-08-11,24906177.0,12771121611.0,513.0,514.0,510.0,514.0,14.0,23949.0,0.028000000000000025,0.02761516703297339,501.675,502.05833333333334,0.2634014303411606,28827170.55,0.8639827123095852,False,MA20 < MA60
2022-08-12,21343450.0,11016097043.0,515.0,518.0,514.0,517.0,3.0,21701.0,0.005836575875486361,0.0058196090532640025,502.9,501.975,0.23355960265340728,27092376.1,0.7878028092190851,False,MA20 >= MA60
2022-08-15,22519886.0,11755494600.0,520.0,524.0,519.0,523.0,6.0,27372.0,0.011605415860735047,0.011538589556493806,504.275,501.85833333333335,0.2354860990276044,26178490.35,0.8602438757512233,False,MA20 >= MA60
2022-08-16,21234122.0,11141160337.0,526.0,526.0,523.0,525.0,2.0,20628.0,0.003824091778202643,0.003816798526700811,505.975,501.80833333333334,0.2312614152306801,26212484.1,0.8100766764032105,False,MA20 >= MA60
2022-08-17,28461939.0,14943047011.0,524.0,527.0,521.0,527.0,2.0,26466.0,0.003809523809523707,0.0038022859497384787,507.575,501.925,0.230605602535422,25792444.85,1.103499073683199,False,MA20 >= MA60
2022-08-18,18721898.0,9734756997.0,520.0,521.0,519.0,520.0,-7.0,24209.0,-0.013282732447817858,-0.013371736965889308,508.525,501.85833333333335,0.2352095902257452,25533886.6,0.7332177154730529,False,MA20 >= MA60
2022-08-19,14235983.0,7403584002.0,519.0,523.0,517.0,519.0,-1.0,14069.0,-0.0019230769230769162,-0.0019249284095843938,509.325,501.94166666666666,0.2354710449810876,24900462.05,0.5717156160160489,False,MA20 >= MA60
2022-08-22,23175820.0,11849427903.0,511.0,514.0,510.0,510.0,-9.0,32130.0,-0.017341040462427793,-0.01749315744751723,509.85,501.60833333333335,0.2432725579356946,25219054.45,0.9189805290261388,False,MA20 >= MA60
2022-08-23,20997847.0,10580935860.0,503.0,506.0,502.0,504.0,-6.0,34243.0,-0.0117647058823529,-0.011834457647002796,510.3,500.89166666666665,0.24498970738360137,25292739.65,0.8301926675626063,False,MA20 >= MA60
2022-08-24,14995494.0,7560487746.0,504.0,508.0,503.0,503.0,-1.0,20031.0,-0.001984126984126977,-0.001986097971629403,510.35,499.94166666666666,0.2401688870449505,25121957.55,0.5969078631772466,False,MA20 >= MA60
2022-08-25,10254367.0,5208471523.0,505.0,510.0,504.0,508.0,5.0,11664.0,0.00994035785288272,0.0098912774787427,510.7,499.2583333333333,0.2424434861104823,23883648.55,0.42934675489520213,False,MA20 >= MA60
2022-08-26,13268148.0,6805419690.0,513.0,515.0,511.0,512.0,4.0,14862.0,0.007874015748031482,0.007843177461025879,510.85,498.7916666666667,0.23737855513097236,23015424.6,0.5764893861658325,False,MA20 >= MA60
2022-08-29,28217313.0,14055439771.0,497.0,502.0,496.0,498.5,-13.5,60889.0,-0.0263671875,-0.026721035637614764,510.575,498.1,0.25354198601941313,23176725.7,1.2174848753549343,False,MA20 >= MA60
2022-08-30,25699463.0,12787938496.0,497.5,500.0,496.0,496.0,-2.5,43669.0,-0.005015045135406182,-0.005027662676965501,510.775,497.45,0.23890844210579534,22328219.3,1.1509857841641675,False,MA20 >= MA60
2022-08-31,50999514.0,25630339779.0,492.0,505.0,492.0,505.0,9.0,24054.0,0.01814516129032251,0.01798250255043227,510.975,496.8,0.23876335351602385,23386253.4,2.18074751554689,False,MA20 >= MA60
2022-09-01,42008490.0,20696930527.0,495.0,495.5,490.0,490.5,-14.5,93631.0,-0.02871287128712874,-0.02913315026994208,510.5,495.9583333333333,0.2603343937887944,24157223.6,1.7389618399690598,False,MA20 >= MA60
2022-09-02,33877655.0,16486942365.0,488.0,489.5,485.0,485.0,-5.5,71175.0,-0.011213047910295648,-0.01127638806793461,508.95,495.2083333333333,0.23166595667331047,24098474.25,1.4058008257514478,False,MA20 >= MA60
2022-09-05,17327720.0,8419762666.0,485.0,488.0,484.0,486.0,1.0,27611.0,0.0020618556701030855,0.0020597329630105622,507.65,494.7083333333333,0.23161052347563651,23936411.7,0.7239063322093512,False,MA20 >= MA60
2022-09-06,21197718.0,10364807027.0,488.5,491.5,486.5,489.0,3.0,18950.0,0.006172839506172867,0.006153865574378287,506.6,494.30833333333334,0.2335545914409029,23777762.15,0.8914933990119,False,MA20 >= MA60
2022-09-07,38168331.0,18125281029.0,477.0,478.0,472.0,472.5,-16.5,101077.0,-0.033742331288343586,-0.03432474254107461,505.225,493.7,0.2523250388988925,24580566.75,1.5527848234011936,False,MA20 >= MA60
2022-09-08,35355467.0,16755699888.0,473.0,475.0,472.0,475.0,2.5,37943.0,0.005291005291005346,0.005277057100843819,503.275,493.15,0.22731075101393922,25103031.25,1.4084142527608094,False,MA20 >= MA60
2022-09-12,27181969.0,13268334545.0,485.0,491.0,485.0,486.5,11.5,26764.0,0.02421052631578946,0.023922097591418532,501.75,492.90833333333336,0.24625170687868372,25394957.2,1.0703687659690169,False,MA20 >= MA60
2022-09-13,18916557.0,9329113594.0,495.0,495.0,491.0,493.0,6.5,20511.0,0.013360739979445091,0.01327227241663043,500.25,492.825,0.24769959381520523,25214790.75,0.7502166957304613,False,MA20 >= MA60
2022-09-14,25046110.0,12023421519.0,478.5,482.5,476.0,480.0,-13.0,47333.0,-0.026369168356997985,-0.026723070140753508,498.0,492.40833333333336,0.25982696410017564,25405390.15,0.9858581132634171,False,MA20 >= MA60
2022-09-15,24272164.0,11587112712.0,476.0,480.0,476.0,476.5,0.0,35435.0,-0.007291666666666696,-0.00731838080767984,495.475,492.10833333333335,0.2581904025804894,25195901.4,0.9633377911218529,False,MA20 >= MA60
2022-09-16,41889816.0,19737743551.0,470.5,472.0,469.0,472.0,-4.5,51619.0,-0.009443861490031513,-0.009488737508701458,493.075,491.8833333333333,0.25689315751035274,26354297.3,1.5894871156363557,False,MA20 >= MA60
2022-09-19,20724347.0,9713676332.0,472.0,473.0,466.5,467.0,-5.0,45650.0,-0.010593220338983023,-0.010649727916658039,490.475,491.55833333333334,0.25749041554079205,26678715.5,0.7768120245519317,False,MA20 < MA60
2022-09-20,23269759.0,11027746136.0,470.5,478.0,470.0,476.5,9.5,20621.0,0.020342612419700146,0.020138465425359423,488.8,491.19166666666666,0.2683223183376572,26683412.45,0.8720683324744696,False,MA20 < MA60
2022-09-21,24686050.0,11641957557.0,473.5,475.5,468.5,471.0,-5.5,30847.0,-0.011542497376705096,-0.011609629077839008,487.15,490.75,0.26822999222411764,26867822.6,0.9187960769102294,False,MA20 < MA60
2022-09-22,31417685.0,14524615830.0,462.0,468.0,459.0,464.5,-6.5,53974.0,-0.013800424628450103,-0.013896535762524538,485.225,490.30833333333334,0.2707614600679502,27688932.15,1.1346658235066678,False,MA20 < MA60
2022-09-23,32804066.0,15005076330.0,458.5,460.5,455.0,455.0,-9.5,82492.0,-0.020452099031216364,-0.020664139302942794,482.575,489.9583333333333,0.27174441704973706,28816417.1,1.1383811487098443,False,MA20 < MA60
2022-09-26,34856957.0,15560487370.0,443.0,454.0,443.0,446.5,-8.5,75861.0,-0.018681318681318726,-0.018858018634396723,479.3,489.84166666666664,0.27094683911378326,29895857.55,1.1659460492712979,False,MA20 < MA60
2022-09-27,29570005.0,13260363913.0,449.0,451.5,446.0,448.0,1.5,29995.0,0.0033594624860022737,0.003353832098431458,476.775,489.975,0.262724095087432,29963492.15,0.9868677806969173,False,MA20 < MA60
2022-09-28,37827459.0,16693442543.0,447.0,449.0,438.0,438.0,-10.0,78780.0,-0.022321428571428603,-0.022574322038539065,473.875,489.84166666666664,0.2696569458681607,30569891.95,1.237408986000685,False,MA20 < MA60
2022-09-29,42884163.0,18748910795.0,443.0,443.5,432.0,435.0,-3.0,70971.0,-0.006849315068493178,-0.006872879287762064,470.375,489.8333333333333,0.25404219645208015,30164124.4,1.4216942759989415,False,MA20 < MA60
2022-09-30,58366820.0,24750796363.0,424.5,427.5,422.0,422.0,-13.0,87052.0,-0.029885057471264354,-0.030340717052672272,466.95,489.2416666666667,0.25538250593051737,30982040.9,1.883892032432247,False,MA20 < MA60
2022-10-03,38354967.0,16068149231.0,418.5,424.5,416.5,417.0,-5.0,70127.0,-0.011848341232227444,-0.011919092237210311,463.55,488.40833333333336,0.25551924416454486,31205906.5,1.2290931846507969,False,MA20 < MA60
2022-10-04,42455417.0,18225995343.0,429.5,432.0,427.0,429.0,12.0,31696.0,0.02877697841726623,0.028370697129215566,460.7,487.85833333333335,0.2845850039986609,32462291.35,1.3078379632003394,False,MA20 < MA60
2022-10-05,48321335.0,21583755745.0,444.5,451.0,442.0,445.0,16.0,51865.0,0.037296037296037365,0.03661736323822331,458.5,487.78333333333336,0.3213989586105743,33818472.2,1.4288444112504881,False,MA20 < MA60
2022-10-06,30750331.0,13821382520.0,450.5,451.0,447.0,451.0,6.0,24907.0,0.01348314606741563,0.013393057336438035,457.425,487.4583333333333,0.3078595124189024,33447572.2,0.9193591336354152,False,MA20 < MA60
2022-10-07,32872044.0,14505036044.0,448.5,448.5,437.0,438.0,-13.0,45112.0,-0.02882483370288247,-0.029248429126232205,455.575,486.84166666666664,0.3204848461288603,33323401.05,0.9864552525919319,False,MA20 < MA60
2022-10-11,109842903.0,44572345642.0,408.0,412.5,401.0,401.5,-36.5,210614.0,-0.08333333333333337,-0.08701137698962981,451.325,485.325,0.4103390760740593,37456447.75,2.932549923931321,True,MA20 < MA60
2022-10-12,64138351.0,25536098386.0,397.0,400.0,395.5,397.5,-4.0,114055.0,-0.00996264009962644,-0.010012599292429814,446.55,483.69166666666666,0.40156599382407815,39717537.45,1.6148622275674342,False,MA20 < MA60
2022-10-13,43158592.0,17239718998.0,400.5,403.0,395.0,395.0,-2.5,66846.0,-0.0062893081761006275,-0.00630916919326472,442.3,482.09166666666664,0.39727586395926023,40623161.55,1.0624134201588258,False,MA20 < MA60
2022-10-14,59841064.0,24714069328.0,414.5,416.0,409.0,412.0,17.0,54666.0,0.04303797468354431,0.04213758444840453,439.075,480.7083333333333,0.4388055484860903,42401606.55,1.4112923747225328,True,MA20 < MA60
2022-10-17,45038159.0,17954868983.0,400.0,403.5,396.0,397.0,-15.0,66589.0,-0.036407766990291246,-0.03708706866233596,435.325,478.975,0.4511623076007845,42559023.7,1.0582516957502481,False,MA20 < MA60
2022-10-18,41304834.0,16675510801.0,406.5,407.0,399.5,407.0,10.0,30538.0,0.025188916876574208,0.024876904755404477,432.325,477.375,0.4662959591833172,43588048.05,0.9476183460341946,False,MA20 < MA60
2022-10-19,48655069.0,19398261013.0,404.0,405.0,395.5,395.5,-11.5,68211.0,-0.02825552825552824,-0.028662398234886408,428.275,475.64166666666665,0.4611612232135509,44857313.55,1.0846630158929793,False,MA20 < MA60
2022-10-20,63202035.0,24682371387.0,391.0,397.5,386.0,397.5,2.0,76430.0,0.005056890012642201,0.005044146886678003,424.6,474.01666666666665,0.46364077341794563,46783112.8,1.3509583098968139,False,MA20 < MA60
2022-10-21,38968511.0,15297273710.0,395.5,398.5,389.5,389.5,-8.0,64043.0,-0.020125786163522008,-0.020331068783583633,420.85,472.14166666666665,0.46522485623612886,47160654.1,0.8262928439747828,False,MA20 < MA60
2022-10-24,48691083.0,18995017699.0,395.0,397.5,387.0,387.0,-2.5,58612.0,-0.006418485237484006,-0.006439172281021201,417.45,470.2416666666667,0.4630455776805604,47955004.95,1.0153493478056663,False,MA20 < MA60
2022-10-25,81173913.0,30515958539.0,380.0,382.5,371.0,371.0,-16.0,155200.0,-0.04134366925064603,-0.0422226304223467,413.675,467.94166666666666,0.47698395370191315,50270852.75,1.614731172428739,True,MA20 < MA60
2022-10-26,61440878.0,23045141097.0,370.5,379.0,370.0,376.0,5.0,46073.0,0.013477088948786964,0.013387080782459279,410.075,465.80833333333334,0.4817285800097217,51864396.4,1.184644616822341,False,MA20 < MA60
2022-10-27,47160778.0,18190840150.0,384.5,389.0,382.5,385.5,9.5,37777.0,0.025265957446808596,0.02495204961348975,407.45,464.03333333333336,0.49281626467144557,52331062.35,0.901200470278624,False,MA20 < MA60
2022-10-28,44691746.0,16923109361.0,379.5,382.0,375.0,379.5,-6.0,48116.0,-0.015564202334630295,-0.015686596167699508,404.675,462.0083333333333,0.4940088441938732,52421441.5,0.8525470632088589,False,MA20 < MA60
2022-10-31,40598928.0,15721543079.0,386.0,390.0,381.0,390.0,10.5,32816.0,0.027667984189723382,0.027292142288007554,403.075,460.175,0.4998253456321028,51533046.9,0.7878231628489252,False,MA20 < MA60
2022-11-01,42123141.0,16428079355.0,388.5,393.0,386.0,391.5,1.5,29780.0,0.0038461538461538325,0.003838776307165667,401.8,458.1,0.4994348385054656,51721455.6,0.8144229606716636,False,MA20 < MA60
2022-11-02,23169428.0,9091891929.0,391.0,395.0,388.5,395.0,3.5,22285.0,0.008939974457215838,0.008900249470264078,400.1,456.15,0.4876936661317119,50757156.15,0.4564760864759363,False,MA20 < MA60
2022-11-03,42092776.0,16201844314.0,385.0,387.0,383.5,384.0,-11.0,52660.0,-0.027848101265822822,-0.02824321231339505,397.05,454.05,0.46961409145116506,50445728.2,0.8344170557537912,False,MA20 < MA60
2022-11-04,30839846.0,11762941797.0,381.0,384.5,378.5,382.0,-2.0,26895.0,-0.00520833333333337,-0.0052219439811517126,393.6,452.0833333333333,0.4634900531226878,50450203.95,0.611292791413978,False,MA20 < MA60
2022-11-07,37704746.0,14710405524.0,390.0,393.0,387.0,390.0,8.0,30880.0,0.020942408376963373,0.020726130517116952,391.2,450.01666666666665,0.4672765313554153,50691839.05,0.7438030796793513,False,MA20 < MA60
2022-11-08,32576136.0,12954941396.0,395.0,399.5,394.0,399.0,9.0,35956.0,0.023076923076922995,0.022814677766171264,391.075,448.05,0.3754260100976543,46828500.7,0.6956476400706119,False,MA20 < MA60
2022-11-09,56357663.0,23188739823.0,403.5,417.0,403.5,417.0,18.0,67569.0,0.04511278195488733,0.044124804908938095,392.05,446.28333333333336,0.4058039663012926,46439466.3,1.213572581474736,True,MA20 < MA60
2022-11-10,33671621.0,13757669359.0,409.0,411.5,406.0,407.5,-9.5,36471.0,-0.0227817745803357,-0.02304528911788402,392.675,444.325,0.4147771464944365,45965117.75,0.7325472586220014,False,MA20 < MA60
2022-11-11,83770040.0,36838808146.0,441.5,442.0,435.0,441.5,34.0,100349.0,0.08343558282208585,0.08013708736309727,394.15,442.9,0.4865229213339626,47161566.55,1.7762353146430843,True,MA20 < MA60
2022-11-14,63282094.0,28257175788.0,450.0,450.0,441.5,445.0,3.5,48957.0,0.007927519818799578,0.00789626212222554,396.55,441.65,0.46267046607633544,48073763.3,1.3163540704124572,False,MA20 < MA60
2022-11-15,118536865.0,56191637241.0,465.0,487.0,462.0,480.0,35.0,139136.0,0.0786516853932584,0.07571182173569638,400.2,441.0,0.5264234505166362,51935364.85,2.282392072191248,True,MA20 < MA60
2022-11-16,88416393.0,43103738374.0,491.5,494.0,481.5,487.0,7.0,98338.0,0.014583333333333393,0.014478019180653235,404.775,440.6166666666667,0.5080794093566535,53923431.05,1.6396655642705065,False,MA20 < MA60
2022-11-17,46850915.0,22547582604.0,482.5,485.0,475.0,485.0,-2.0,57331.0,-0.004106776180698102,-0.004115232145106544,409.15,440.3,0.5105208227510036,53105875.05,0.8822171738228425,False,MA20 < MA60
2022-11-18,37001332.0,18131673834.0,491.5,494.0,486.0,487.0,2.0,41694.0,0.004123711340206171,0.0041152321451065794,414.025,440.03333333333336,0.4983531549310836,53007516.1,0.6980393484236473,False,MA20 < MA60
2022-11-21,30609465.0,14843805078.0,487.5,489.5,480.5,482.0,-5.0,35815.0,-0.010266940451745366,-0.010320009031989472,418.775,439.6,0.5003908354782357,52103435.2,0.5874749885972969,False,MA20 < MA60
2022-11-22,39329440.0,19112616916.0,476.0,491.0,476.0,491.0,9.0,40964.0,0.018672199170124415,0.01850001374392021,424.775,439.25,0.4600579717423811,50011211.55,0.7864124619472451,False,MA20 < MA60
2022-11-23,34752559.0,17111333375.0,494.5,496.0,488.5,492.0,1.0,32889.0,0.0020366598778003286,0.0020345886977874567,430.575,439.14166666666665,0.4621818821609952,48676795.6,0.713945085571738,False,MA20 < MA60
2022-11-24,28477359.0,14073196704.0,494.0,496.0,492.0,496.0,4.0,34387.0,0.008130081300812941,0.008097210232619303,436.1,439.14166666666665,0.46060507644870685,47742624.65,0.5964766120163442,False,MA20 < MA60
2022-11-25,41461805.0,20594790238.0,494.0,498.0,494.0,498.0,2.0,34399.0,0.0040322580645162365,0.004024150299725548,442.025,439.025,0.4495684331157073,47581127.6,0.8713918120763493,False,MA20 >= MA60
2022-11-28,40815045.0,19790586320.0,486.0,490.0,480.5,480.5,-17.5,57163.0,-0.03514056224899598,-0.035772848614305734,446.55,438.85833333333335,0.4786714141403922,47591933.45,0.8576042627660885,False,MA20 >= MA60
2022-11-29,40266315.0,19374604221.0,473.5,488.0,473.0,487.0,6.5,35929.0,0.013527575442247697,0.013436894672242647,451.325,438.89166666666665,0.4780102147187351,47499092.15,0.8477280970516402,False,MA20 >= MA60
2022-11-30,60728041.0,29643130386.0,483.0,490.0,482.5,490.0,3.0,25325.0,0.006160164271047153,0.006141268022082429,456.075,438.9583333333333,0.47830109600525855,49377022.8,1.2298846215572155,False,MA20 >= MA60
2022-12-01,43684491.0,21976936461.0,506.0,508.0,498.5,498.5,8.5,46181.0,0.0173469387755103,0.017198198297220822,461.8,439.1166666666667,0.4556664406038765,49456608.55,0.883289256598247,False,MA20 >= MA60
2022-12-02,29909021.0,14745810388.0,490.0,497.0,490.0,492.5,-6.0,31799.0,-0.012036108324974926,-0.01210912878974945,467.325,439.45,0.460010852795792,49410067.3,0.6053224096701443,False,MA20 >= MA60
2022-12-05,33048153.0,16272219716.0,491.5,497.5,489.0,489.0,-3.5,31739.0,-0.007106598984771617,-0.00713197113727159,472.275,439.68333333333334,0.4644793488724262,49177237.65,0.6720213370911045,False,MA20 >= MA60
2022-12-06,44964237.0,21703863181.0,488.0,489.0,478.0,478.0,-11.0,44448.0,-0.02249488752556239,-0.02275175698341607,476.225,439.5416666666667,0.4777435808525361,49796642.7,0.9029571987591043,False,MA20 >= MA60
2022-12-07,39978821.0,19128832587.0,477.0,485.5,475.0,475.0,-3.0,43603.0,-0.006276150627615107,-0.006295928456814812,479.125,439.2416666666667,0.461469652160931,48977700.6,0.8162657803498435,False,MA20 >= MA60
2022-12-08,28348573.0,13366736635.0,475.0,475.0,467.0,471.5,-3.5,45114.0,-0.00736842105263158,-0.007395701961129025,482.325,439.1,0.4514459236731209,48711548.2,0.5819682200123543,False,MA20 >= MA60
2022-12-09,28903860.0,13881674073.0,478.0,484.5,476.0,481.5,10.0,25790.0,0.021208907741251393,0.020987129164668127,484.325,439.18333333333334,0.3571640830150455,45968239.2,0.6287789243839472,False,MA20 >= MA60
2022-12-12,24064002.0,11435789974.0,476.5,478.0,473.5,475.0,-6.5,34393.0,-0.01349948078920038,-0.013591427203539001,485.825,439.23333333333335,0.36255829522119304,44007334.6,0.5468179842911913,False,MA20 >= MA60
2022-12-13,36028109.0,17034191389.0,473.0,476.0,471.0,471.5,-3.5,36559.0,-0.00736842105263158,-0.007395701961129025,485.4,439.30833333333334,0.23069699818808848,39881896.8,0.9033699971862924,False,MA20 >= MA60
2022-12-14,35263781.0,16860500181.0,472.0,480.5,472.0,480.5,9.0,25102.0,0.019088016967126142,0.018908126336834946,485.075,439.375,0.23518937243158583,37224266.2,0.9473331404448209,False,MA20 >= MA60
2022-12-15,26001756.0,12446105928.0,476.0,481.5,474.5,480.5,0.0,21052.0,0.0,0.0,484.85,439.53333333333336,0.23482104022454628,36181808.25,0.7186416947527767,False,MA20 >= MA60
2022-12-16,51707693.0,24262026661.0,466.5,471.0,465.5,471.0,-9.5,69011.0,-0.019771071800208095,-0.019969134393929413,484.05,439.64166666666665,0.24390998923553586,36917126.3,1.4006424167419556,False,MA20 >= MA60
2022-12-19,24231653.0,11320207884.0,466.5,469.5,465.0,466.5,-4.5,30247.0,-0.009554140127388533,-0.009600073729019231,483.275,439.8333333333333,0.24358527062029317,36598235.7,0.662098938282973,False,MA20 >= MA60
2022-12-20,33181363.0,15291302176.0,465.0,467.0,455.0,457.5,-9.0,59543.0,-0.019292604501607746,-0.01948113557182254,481.6,440.01666666666665,0.23907938905657486,36290831.85,0.9143180607473455,False,MA20 >= MA60
2022-12-21,40831313.0,18763874901.0,460.0,463.0,457.0,459.0,1.5,31581.0,0.003278688524590123,0.0032733253449691085,479.95,440.2,0.2394955793271437,36594769.55,1.1157690976633026,False,MA20 >= MA60
2022-12-22,14519582.0,6784664988.0,466.5,469.0,464.0,468.0,9.0,16893.0,0.019607843137254832,0.019418085857101516,478.55,440.7,0.2500307353598048,35896880.7,0.4044803257793928,False,MA20 >= MA60
2022-12-23,26724153.0,12200056423.0,457.5,458.5,455.0,455.0,-13.0,63532.0,-0.02777777777777779,-0.028170876966696335,476.4,441.03333333333336,0.2636558035224173,35159998.1,0.7600726519948248,False,MA20 >= MA60
2022-12-26,9152790.0,4171194858.0,454.0,457.0,453.5,456.5,1.5,16718.0,0.003296703296703285,0.0032912810840727306,475.2,441.60833333333335,0.23824305388397488,33576885.35,0.2725919901322831,False,MA20 >= MA60
2022-12-27,10486219.0,4820155221.0,458.0,462.5,457.0,457.0,0.5,13482.0,0.0010952902519167917,0.0010946908591815748,473.7,442.275,0.2311657278456062,32087880.55,0.32679687222283677,False,MA20 >= MA60
2022-12-28,34823492.0,15643266841.0,451.0,452.0,446.0,451.0,-6.0,59400.0,-0.013129102844638973,-0.013216051391526375,471.75,442.64166666666665,0.23108722802661022,30792653.1,1.130902617806583,False,MA20 >= MA60
2022-12-29,25596357.0,11400284554.0,444.0,449.5,442.5,446.0,-5.0,34637.0,-0.011086474501108667,-0.0111483874826143,469.125,442.65833333333336,0.21785072007624032,29888246.4,0.8564021005929608,False,MA20 >= MA60
2022-12-30,22297604.0,10079102379.0,455.0,456.5,448.5,448.5,2.5,23086.0,0.005605381165919354,0.005589729478786812,466.925,442.6166666666667,0.21977857660538658,29507675.55,0.7556543707489694,False,MA20 >= MA60
2023-01-03,15311364.0,6871973708.0,446.0,453.5,443.0,453.0,4.5,22581.0,0.010033444816053505,0.009983443984183205,465.125,442.8666666666667,0.22550886745544937,28620836.1,0.5349726313550986,False,MA20 >= MA60
2023-01-04,20626874.0,9310050329.0,449.5,455.0,448.5,449.5,-3.5,18233.0,-0.007726269315673329,-0.007756271571359096,463.7,443.6666666666667,0.21505197221508882,27403967.95,0.7526966181552551,False,MA20 >= MA60
2023-01-05,23972099.0,10972616269.0,459.0,459.5,455.0,458.5,9.0,20752.0,0.020022246941045596,0.019824437784844565,462.875,444.68333333333334,0.22948514652021587,26603631.85,0.9010836992168044,False,MA20 >= MA60
2023-01-06,21313593.0,9745142549.0,455.0,459.5,455.0,458.5,0.0,16635.0,0.0,0.0,462.225,445.7416666666667,0.22854566767801585,26251882.85,0.8118881651949775,False,MA20 >= MA60
2023-01-09,49186355.0,23352375299.0,468.0,481.0,467.5,481.0,22.5,57305.0,0.04907306434023995,0.04790697840924167,462.2,446.89166666666665,0.2804493487336714,27266007.6,1.8039441535254321,True,MA20 >= MA60
2023-01-10,34785370.0,16867391241.0,486.0,487.0,483.0,486.0,5.0,36975.0,0.01039501039501034,0.01034135379473253,462.75,448.375,0.2779015751054919,27802076.0,1.2511788688010204,False,MA20 >= MA60
2023-01-11,21749124.0,10531314878.0,487.0,488.0,482.0,484.5,-1.5,25457.0,-0.0030864197530864335,-0.003091192569672858,463.4,449.6666666666667,0.2765445678023753,27088126.75,0.8029024746054099,False,MA20 >= MA60
2023-01-12,22416984.0,10901640739.0,487.5,488.0,484.0,486.5,2.0,25780.0,0.0041279669762641635,0.004119470295238805,463.7,451.18333333333334,0.26892136640757464,26445786.9,0.8476580441627926,False,MA20 >= MA60
2023-01-13,81848755.0,41113175651.0,507.0,509.0,499.0,500.0,13.5,93121.0,0.027749229188078095,0.027371196796131977,464.675,452.89166666666665,0.285420343051258,29238136.85,2.7993834018873196,False,MA20 >= MA60
2023-01-16,38781925.0,19573968332.0,506.0,508.0,503.0,505.0,5.0,48051.0,0.010000000000000009,0.009950330853168092,466.375,454.81666666666666,0.2744565744102948,28591848.45,1.3563979631404348,False,MA20 >= MA60
2023-01-17,29443522.0,14784661794.0,504.0,504.0,499.5,503.0,-2.0,27930.0,-0.003960396039603964,-0.003968259175620622,468.2,456.75,0.27159555487699477,28852441.9,1.020486311073726,False,MA20 >= MA60
2023-01-30,148413161.0,80057158264.0,542.0,543.0,534.0,543.0,40.0,153125.0,0.07952286282306154,0.07651914983419614,472.475,459.6166666666667,0.36874721981702846,34614031.8,4.28765888520389,True,MA20 >= MA60
2023-01-31,79212272.0,41736937234.0,537.0,538.0,521.0,522.0,-21.0,74279.0,-0.03867403314917128,-0.03944173205129673,475.625,462.05,0.40540503058451616,36533079.75,2.1682341741254376,False,MA20 >= MA60
2023-02-01,42539626.0,22450948467.0,532.0,533.0,522.0,530.0,8.0,31487.0,0.015325670498084198,0.015209418663528707,478.725,464.4583333333333,0.40388644728019024,37934081.95,1.1214091342996109,False,MA20 >= MA60
2023-02-02,46523592.0,25091483557.0,538.0,542.0,537.0,540.0,10.0,45495.0,0.018867924528301883,0.018692133012152546,482.975,467.1333333333333,0.3848071021149048,38924053.9,1.1952401494336642,False,MA20 >= MA60
2023-02-03,34156234.0,18439613447.0,540.0,542.0,536.0,542.0,2.0,39674.0,0.0037037037037037646,0.0036968618813262026,487.25,469.6666666666667,0.3847315874099632,40174226.1,0.8502026626469352,False,MA20 >= MA60
2023-02-06,32208918.0,17041821849.0,532.0,533.0,526.0,526.0,-16.0,46279.0,-0.029520295202952074,-0.029964788701936394,490.7,471.90833333333336,0.4076287292771575,41260361.05,0.7806261792272902,False,MA20 >= MA60
2023-02-07,24362116.0,12767910080.0,524.0,528.0,522.0,523.0,-3.0,28519.0,-0.005703422053231932,-0.005719748672786953,494.3,474.0416666666667,0.40350918831905364,40737292.25,0.5980298310082207,False,MA20 >= MA60
2023-02-08,37633169.0,20247927642.0,538.0,540.0,534.0,540.0,17.0,43495.0,0.03250478011472269,0.0319876754933971,499.0,476.64166666666665,0.4062023802757604,41339132.85,0.9103521628417515,False,MA20 >= MA60
2023-02-09,22311345.0,12026317167.0,540.0,540.0,536.0,540.0,0.0,19698.0,0.0,0.0,503.575,479.275,0.40747610134130974,41339819.9,0.5397059071367653,False,MA20 >= MA60
2023-02-10,30445088.0,16545221176.0,544.0,546.0,541.0,545.0,5.0,40984.0,0.0092592592592593,0.009216655104924048,508.175,481.85833333333335,0.4074752709393335,42096506.1,0.7232212556471521,False,MA20 >= MA60
2023-02-13,23903151.0,12921896752.0,544.0,544.0,538.0,541.0,-4.0,22431.0,-0.007339449541284404,-0.007366515816762554,512.75,484.225,0.40725945009816344,42260319.95,0.565616896139945,False,MA20 >= MA60
2023-02-14,23855974.0,12990943260.0,544.0,546.0,543.0,545.0,4.0,27983.0,0.007393715341959428,0.007366515816762647,517.075,486.35833333333335,0.4054415582662552,42254513.7,0.5645781222184554,False,MA20 >= MA60
2023-02-15,66068713.0,34751111404.0,526.0,532.0,522.0,525.0,-20.0,103433.0,-0.03669724770642202,-0.03738753207162033,520.4,488.31666666666666,0.43599833550902517,44492269.7,1.484948136956924,False,MA20 >= MA60
2023-02-16,33509968.0,17692691883.0,528.0,531.0,524.0,528.0,3.0,27033.0,0.005714285714285783,0.005698021114637796,522.75,489.7583333333333,0.4068921812235646,43708450.35,0.7666702372576794,False,MA20 >= MA60
2023-02-17,29673053.0,15385668299.0,524.0,524.0,516.0,518.0,-10.0,55965.0,-0.018939393939393923,-0.019121041446778397,524.35,490.975,0.4149570834961531,43452834.5,0.682879571412079,False,MA20 >= MA60
2023-02-20,21181235.0,10928087780.0,514.0,519.0,511.0,517.0,-1.0,25898.0,-0.0019305019305019266,-0.001932367751053924,525.975,491.59166666666664,0.4147335058141442,43424440.05,0.487772207899777,False,MA20 >= MA60
2023-02-21,15097509.0,7771141142.0,515.0,517.0,513.0,516.0,-1.0,27200.0,-0.0019342359767892114,-0.0019361090268664404,527.45,492.075,0.41518338916317343,43058466.3,0.3506281179364719,False,MA20 >= MA60
2023-02-22,26578867.0,13474662693.0,506.0,509.0,505.0,507.0,-9.0,47843.0,-0.01744186046511631,-0.0175957618903796,527.8,492.44166666666666,0.41080579484614177,40294971.9,0.6596075328197462,False,MA20 >= MA60
2023-02-23,26801677.0,13846782345.0,512.0,521.0,510.0,518.0,11.0,26552.0,0.021696252465483346,0.021464238668300002,528.45,492.9583333333333,0.41626324433241463,39695959.5,0.6751739304852928,False,MA20 >= MA60
2023-02-24,48372303.0,24932422713.0,524.0,525.0,511.0,511.0,-7.0,29612.0,-0.013513513513513487,-0.013605652055778598,528.85,493.44166666666666,0.4193234004601277,40642398.55,1.1901931166904518,False,MA20 >= MA60
2023-03-01,45971058.0,23624972884.0,504.0,522.0,504.0,522.0,11.0,31738.0,0.021526418786692814,0.02129799767893434,527.8,493.9583333333333,0.31239034807803817,35520293.4,1.2942195460581416,False,MA20 >= MA60
2023-03-02,18017085.0,9344352321.0,519.0,520.0,515.0,519.0,-3.0,14320.0,-0.005747126436781658,-0.0057637047167501294,527.65,494.40833333333336,0.28112012850596435,32460534.05,0.5550458588342295,False,MA20 >= MA60
2023-03-03,24117189.0,12510608773.0,524.0,525.0,516.0,516.0,-3.0,22160.0,-0.005780346820809301,-0.005797117684325957,526.95,494.7416666666667,0.27565084016750874,31539412.2,0.7646683091956926,False,MA20 >= MA60
2023-03-06,24741125.0,12883854256.0,520.0,524.0,517.0,521.0,5.0,20678.0,0.009689922480620172,0.009643276271804202,526.0,495.125,0.26862705612119936,30450288.85,0.8125087128689092,False,MA20 >= MA60
2023-03-07,27650283.0,14465320023.0,521.0,526.0,519.0,524.0,3.0,20595.0,0.0057581573896352545,0.005741642567675183,525.1,495.85,0.2692686377648884,30124991.3,0.9178519829149295,False,MA20 >= MA60
2023-03-08,27077587.0,14091713576.0,521.0,523.0,518.0,521.0,-3.0,20504.0,-0.005725190839694694,-0.005741642567675283,524.85,496.4166666666667,0.24896827409978345,29868424.75,0.9065622719189435,False,MA20 >= MA60
2023-03-09,25639391.0,13430582677.0,525.0,526.0,522.0,522.0,1.0,16497.0,0.0019193857965451588,0.0019175461292718545,524.8,496.95,0.24826796318839267,29932288.5,0.8565797099008985,False,MA20 >= MA60
2023-03-10,25572403.0,13122265260.0,515.0,516.0,511.0,513.0,-9.0,46216.0,-0.017241379310344862,-0.01739174271186922,523.45,497.19166666666666,0.22350053808909673,29329250.2,0.8719078334979051,False,MA20 >= MA60
2023-03-13,22568740.0,11608973891.0,513.0,518.0,509.0,516.0,3.0,24150.0,0.005847953216374213,0.005830920310793144,522.25,497.5833333333333,0.22531318070615433,29342119.95,0.7691584670248068,False,MA20 >= MA60
2023-03-14,26599476.0,13602260966.0,511.0,514.0,510.0,510.0,-6.0,24848.0,-0.011627906976744207,-0.011696039763191298,520.5,497.93333333333334,0.22344627066302847,29149839.35,0.912508493807531,False,MA20 >= MA60
2023-03-15,24080361.0,12350942139.0,515.0,516.0,510.0,511.0,1.0,21075.0,0.0019607843137254832,0.0019588644853329716,519.0,498.48333333333335,0.2236100355354122,29158699.85,0.8258379531280782,False,MA20 >= MA60
2023-03-16,23325664.0,11809911840.0,505.0,510.0,504.0,505.0,0.0,33493.0,-0.011741682974559686,-0.011811160928344609,517.0,498.98333333333335,0.22240597976485033,29132184.35,0.8006836603723468,False,MA20 >= MA60
2023-03-17,35872881.0,18538033584.0,516.0,518.0,513.0,518.0,13.0,21217.0,0.025742574257425765,0.025416812984123256,516.65,499.7583333333333,0.20964805455636412,27622392.75,1.2986883983828663,False,MA20 >= MA60
2023-03-20,12752221.0,6542889562.0,517.0,518.0,510.0,512.0,-6.0,17709.0,-0.01158301158301156,-0.01165061721997525,515.85,500.26666666666665,0.21173169924998841,26584505.4,0.4796862235398218,False,MA20 >= MA60
2023-03-21,18519120.0,9534730452.0,515.0,517.0,512.0,517.0,5.0,14094.0,0.009765625,0.009718249468921346,515.8,500.96666666666664,0.20468953057277853,26026808.75,0.7115401729764507,False,MA20 >= MA60
2023-03-22,45681056.0,24168561556.0,524.0,533.0,524.0,533.0,16.0,56483.0,0.030947775628626717,0.03047854965741543,516.6,501.9916666666667,0.2320564237311419,27251799.8,1.6762583145058918,False,MA20 >= MA60
2023-03-23,28614856.0,15307492846.0,528.0,539.0,528.0,538.0,5.0,35313.0,0.009380863039399667,0.009337135995939917,517.7,502.95,0.2332269367844866,27927667.15,1.024606024065995,False,MA20 >= MA60
2023-03-24,22963771.0,12348311773.0,536.0,539.0,535.0,539.0,1.0,24762.0,0.0018587360594795044,0.0018570107472126892,519.3,503.925,0.22144211221834914,27746912.35,0.8276153652822563,False,MA20 >= MA60
2023-03-27,17170557.0,9148085033.0,533.0,536.0,531.0,531.0,-8.0,17484.0,-0.014842300556586308,-0.014953549667058358,519.95,504.925,0.21883624751493605,27265356.35,0.6297572927191909,False,MA20 >= MA60
2023-03-28,18327556.0,9629323504.0,525.0,530.0,524.0,525.0,-6.0,20744.0,-0.011299435028248594,-0.011363758650315095,520.65,505.9,0.21697765608310698,25763119.0,0.7113873130035226,False,MA20 >= MA60
2023-03-29,17620195.0,9329137251.0,533.0,533.0,525.0,530.0,5.0,15653.0,0.00952380952380949,0.009478743954543739,521.05,507.10833333333335,0.2061539087741508,24345575.85,0.7237534699759423,False,MA20 >= MA60
2023-03-30,20380650.0,10894446851.0,536.0,537.0,531.0,535.0,5.0,18171.0,0.009433962264151052,0.009389740349839137,521.85,508.375,0.20676200996020133,24463754.1,0.833095767587036,False,MA20 >= MA60
2023-03-31,24324776.0,12997575231.0,538.0,538.0,532.0,533.0,-2.0,15962.0,-0.0037383177570093906,-0.003745322730162053,522.7,509.4583333333333,0.20592067888549637,24474133.45,0.9938973344937776,False,MA20 >= MA60
2023-04-06,26706549.0,14130223516.0,530.0,531.0,526.0,530.0,-3.0,19144.0,-0.0056285178236398226,-0.00564441761967707,523.15,510.7083333333333,0.20521683861982545,24572404.65,1.0868512618279709,False,MA20 >= MA60
2023-04-07,11114272.0,5903807797.0,535.0,535.0,529.0,531.0,1.0,10285.0,0.0018867924528302993,0.0018850146957714257,523.5,511.95,0.20446894436960267,23745604.1,0.46805598009612226,False,MA20 >= MA60
2023-04-10,8203168.0,4350907176.0,533.0,533.0,528.0,529.0,-2.0,11698.0,-0.0037664783427495685,-0.003773589383639491,523.9,513.15,0.20376425069583087,22801883.15,0.3597583561864714,False,MA20 >= MA60
2023-04-11,23087326.0,12101146147.0,522.0,527.0,522.0,524.0,-5.0,24432.0,-0.009451795841209809,-0.009496747537257197,524.0,514.3666666666667,0.20693840788529191,22674279.9,1.01821650353712,False,MA20 >= MA60
2023-04-12,24772925.0,12870788209.0,523.0,524.0,517.0,520.0,-4.0,37158.0,-0.007633587786259555,-0.007662872745569137,524.35,515.6,0.1988047052526457,22634306.0,1.0944857332935236,False,MA20 >= MA60
2023-04-13,27501436.0,14121978133.0,515.0,517.0,510.0,510.0,-10.0,64834.0,-0.019230769230769273,-0.019418085857101627,524.05,516.625,0.20989945846055674,22880940.8,1.201936416880201,False,MA20 >= MA60
2023-04-14,21174653.0,10936462759.0,516.0,520.0,513.0,516.0,6.0,19962.0,0.0117647058823529,0.011696039763191236,524.35,517.675,0.2098783617399987,22609699.65,0.9365296013562923,False,MA20 >= MA60
2023-04-17,17895837.0,9264789087.0,519.0,520.0,514.0,520.0,4.0,17444.0,0.007751937984496138,0.0077220460939103185,524.8,518.85,0.2113531937488583,22300473.45,0.802486863793468,False,MA20 >= MA60
2023-04-18,15687059.0,8097905529.0,518.0,520.0,514.0,515.0,-5.0,17087.0,-0.009615384615384581,-0.009661910911736859,525.3,519.7916666666666,0.2097877364739044,21918543.2,0.7156980670138698,False,MA20 >= MA60
2023-04-19,23209923.0,11881404238.0,517.0,518.0,509.0,510.0,-5.0,43281.0,-0.009708737864077666,-0.009756174945364685,524.9,520.65,0.1914115052739039,21285395.3,1.0904154079769428,False,MA20 >= MA60
2023-04-20,21002685.0,10780268259.0,512.0,516.0,510.0,513.0,3.0,16627.0,0.00588235294117645,0.005865119452398058,524.95,521.1833333333333,0.18826606368068158,21697918.5,0.9679585163894868,False,MA20 >= MA60
2023-04-21,25440179.0,13103618008.0,520.0,520.0,510.0,511.0,-2.0,22738.0,-0.003898635477582846,-0.0039062549670650995,524.65,521.6,0.18524706643676855,22043971.45,1.154065140108862,False,MA20 >= MA60
2023-04-24,17579661.0,8903570323.0,505.0,510.0,504.0,507.0,-4.0,31635.0,-0.007827788649706457,-0.00785858661252127,523.35,521.975,0.14455140203694733,20638901.7,0.8517730863556563,False,MA20 >= MA60
2023-04-25,40916105.0,20495640143.0,504.0,505.0,498.0,498.0,-9.0,92009.0,-0.017751479289940808,-0.01791092656653022,521.35,522.1666666666666,0.1471398848563083,21253964.15,1.9251046398325653,False,MA20 < MA60
2023-04-26,33174539.0,16353670134.0,498.0,498.5,491.0,491.5,-6.5,58580.0,-0.013052208835341417,-0.013138137437431734,518.975,522.025,0.1490221981360978,21764502.55,1.524249815670609,False,MA20 < MA60
2023-04-27,34149043.0,16816693302.0,491.0,495.0,489.0,493.5,2.0,47699.0,0.004069175991861629,0.004060919286315012,517.1,521.8333333333334,0.14681907822827323,22613426.85,1.5101224253412966,False,MA20 < MA60
2023-04-28,38812949.0,19433015577.0,498.5,502.0,498.0,502.0,8.5,23746.0,0.01722391084093222,0.017077260818193024,515.95,521.8166666666667,0.16122161985539404,23637696.5,1.6419937111892438,False,MA20 < MA60
2023-05-02,17142380.0,8572554842.0,500.0,502.0,496.5,501.0,-1.0,18247.0,-0.0019920318725099584,-0.0019940186068643953,514.5,521.1166666666667,0.15519538392632362,23613805.75,0.7259473623814323,False,MA20 < MA60
2023-05-03,12694698.0,6305914905.0,496.0,498.0,495.0,496.0,-5.0,25658.0,-0.009980039920159722,-0.010030174359937357,512.55,520.6833333333333,0.1501758505233622,23229508.15,0.546490176116794,False,MA20 < MA60
2023-05-04,13699933.0,6818128036.0,497.0,499.5,496.0,498.0,2.0,14801.0,0.0040322580645162365,0.004024150299725548,510.8,520.15,0.1526855642255041,22698266.0,0.603567382636189,False,MA20 < MA60
2023-05-05,7898012.0,3949232374.0,500.0,502.0,498.5,500.0,2.0,10944.0,0.004016064257028162,0.004008021397538868,509.3,519.4833333333333,0.15459961271812875,21757839.15,0.362996157180434,False,MA20 < MA60
2023-05-08,11737287.0,5932968954.0,509.0,509.0,502.0,504.0,4.0,13709.0,0.008000000000000007,0.007968169649176881,507.95,518.85,0.15856331692063552,21788989.9,0.5386797209906459,False,MA20 < MA60
2023-05-09,18762778.0,9530653802.0,507.0,510.0,505.0,510.0,6.0,17452.0,0.011904761904761862,0.011834457647002798,507.0,518.5833333333334,0.16653691467202353,22316970.4,0.8407403721788331,False,MA20 < MA60
2023-05-10,19385820.0,9753130414.0,508.0,508.0,500.0,503.0,-7.0,26320.0,-0.013725490196078383,-0.0138205556186322,505.95,518.25,0.16980864027137194,22131895.1,0.8759222792448532,False,MA20 < MA60
2023-05-11,13775130.0,6894746011.0,506.0,506.0,498.5,499.0,-4.0,20237.0,-0.007952286282306154,-0.007984074348220531,504.9,517.5666666666667,0.16995286596733597,21582005.35,0.6382692329376148,False,MA20 < MA60
2023-05-12,20746928.0,10313384387.0,496.0,500.0,495.0,496.0,-3.0,27989.0,-0.006012024048096198,-0.006030169026591188,504.2,516.8333333333334,0.15825718467675526,21244279.95,0.976588900580742,False,MA20 < MA60
2023-05-15,15548031.0,7721867966.0,497.0,499.5,494.5,495.5,-0.5,16896.0,-0.0010080645161290036,-0.0010085729548847744,503.175,516.0083333333333,0.1505313256194287,20962948.85,0.7416910240660154,False,MA20 < MA60
2023-05-16,24052785.0,12131536763.0,503.0,508.0,500.0,505.0,9.5,22355.0,0.019172552976791213,0.018991075505317236,502.425,515.4083333333333,0.16508187533444013,21270796.25,1.1307891212582133,False,MA20 < MA60
2023-05-17,44352410.0,22870340267.0,508.0,521.0,506.0,519.0,14.0,52663.0,0.027722772277227747,0.027345453890528837,502.625,514.975,0.1915524359638659,22704063.8,1.9535009410958402,False,MA20 < MA60
2023-05-18,46107848.0,24437734052.0,533.0,536.0,526.0,530.0,11.0,50359.0,0.021194605009633882,0.02097312338027885,503.625,515.0583333333333,0.2009805582429908,23848960.05,1.9333274030957168,False,MA20 < MA60
2023-05-19,34742592.0,18476363730.0,535.0,535.0,529.0,532.0,2.0,39104.0,0.0037735849056603765,0.003766482795476865,504.575,515.125,0.20057940267604268,24535955.4,1.4159869234193343,False,MA20 < MA60
2023-05-22,19037508.0,10100912410.0,532.0,533.0,529.0,531.0,-1.0,18796.0,-0.001879699248120259,-0.0018814680997055087,505.575,515.3416666666667,0.19993286892319592,24215821.85,0.786159896530623,False,MA20 < MA60
2023-05-23,20126817.0,10638352410.0,530.0,531.0,525.0,530.0,-1.0,15826.0,-0.0018832391713747842,-0.0018850146957713348,506.725,515.5583333333333,0.1971528731092751,24343179.65,0.8267949088565347,False,MA20 < MA60
2023-05-24,22621221.0,11888325332.0,527.0,528.0,524.0,525.0,-5.0,16339.0,-0.009433962264150941,-0.00947874395454377,508.075,515.7083333333334,0.1879316819187396,23428435.45,0.965545524722608,False,MA20 < MA60
2023-05-25,68360924.0,36976525917.0,542.0,545.0,537.0,543.0,18.0,80930.0,0.03428571428571425,0.03371105734231166,510.65,516.3083333333333,0.20919216782604338,25187754.7,2.714053904931828,False,MA20 < MA60
2023-05-26,104924623.0,59322536825.0,568.0,568.0,563.0,566.0,23.0,131612.0,0.0423572744014733,0.041484758269247496,514.275,517.1083333333333,0.2474059096679496,28726533.7,3.6525333719605717,True,MA20 < MA60
2023-05-29,58813792.0,33454887785.0,574.0,574.0,564.0,568.0,2.0,52250.0,0.0035335689045936647,0.0035273405179684406,517.575,518.0583333333333,0.24465293463778137,29726575.85,1.978491982957398,False,MA20 < MA60
2023-05-30,47490594.0,26861389177.0,566.0,568.0,563.0,566.0,-2.0,32956.0,-0.0035211267605633756,-0.0035273405179684107,520.825,518.7916666666666,0.24539989868255127,31243986.55,1.5199915005724518,False,MA20 >= MA60
2023-05-31,90675529.0,50573324515.0,560.0,562.0,551.0,558.0,-8.0,39679.0,-0.014134275618374548,-0.014235115821871985,523.925,519.4416666666667,0.24944905781132543,35143028.1,2.5801854280166596,False,MA20 >= MA60
2023-06-01,25257673.0,13920836412.0,550.0,554.0,550.0,551.0,-7.0,25441.0,-0.012544802867383464,-0.012624153228396402,526.575,520.025,0.2579967264548121,35720915.1,0.7070835931636029,False,MA20 >= MA60
2023-06-02,34705102.0,19460144774.0,559.0,564.0,557.0,562.0,11.0,30644.0,0.019963702359346636,0.019767040740776582,529.675,520.7083333333334,0.26318971508082123,37061269.6,0.936425070553978,False,MA20 >= MA60
2023-06-05,17483804.0,9730882750.0,560.0,560.0,555.0,555.0,-7.0,20211.0,-0.01245551601423489,-0.01253373614725658,532.225,521.225,0.2710179765887754,37348595.45,0.4681248060159649,False,MA20 >= MA60
2023-06-06,21562088.0,12043550635.0,554.0,562.0,553.0,560.0,5.0,15551.0,0.009009009009008917,0.008968669982760316,534.725,521.875,0.27022870675215205,37488560.95,0.5751644622677894,False,MA20 >= MA60
2023-06-07,29091913.0,16449319451.0,561.0,568.0,560.0,568.0,8.0,29548.0,0.014285714285714235,0.014184634991956381,537.975,522.6416666666667,0.26292131175758127,37973865.6,0.7661035435907794,False,MA20 >= MA60
2023-06-08,25250687.0,14190442437.0,562.0,568.0,555.0,559.0,-9.0,27238.0,-0.015845070422535246,-0.015971945566052224,540.975,523.4083333333333,0.26996391887619986,38547643.45,0.6550513790227558,False,MA20 >= MA60
2023-06-09,19776199.0,11160654540.0,561.0,566.0,561.0,565.0,6.0,16713.0,0.01073345259391778,0.010676257991341854,544.425,524.225,0.2667469715688883,38499107.0,0.5136794211876136,False,MA20 >= MA60
2023-06-12,28656646.0,16431644333.0,574.0,574.0,571.0,574.0,9.0,38130.0,0.015929203539823078,0.015803665173125543,548.35,525.2916666666666,0.2670590828325142,39154537.75,0.7318856931212271,False,MA20 >= MA60
2023-06-13,62671781.0,37077358748.0,593.0,594.0,589.0,593.0,19.0,84903.0,0.03310104529616731,0.032565002678159094,552.75,526.6583333333333,0.2794151030460042,41085487.55,1.5253994716195112,False,MA20 >= MA60
2023-06-14,25981992.0,15311616372.0,590.0,591.0,587.0,590.0,-3.0,28171.0,-0.005059021922428353,-0.00507186209796034,556.3,528.075,0.2732124980321501,40166966.65,0.6468497416396267,False,MA20 >= MA60
2023-06-15,29868798.0,17618169127.0,590.0,593.0,587.0,591.0,0.0,28303.0,0.0016949152542373724,0.0016934805063331477,559.35,529.2916666666666,0.26808894118626725,39355014.15,0.7589578772899515,False,MA20 >= MA60
2023-06-16,41560389.0,24417862365.0,590.0,590.0,584.0,589.0,-2.0,27450.0,-0.0033840947546531774,-0.0033898337545115397,562.2,530.575,0.26993172124800696,39695904.0,1.0469692036740113,False,MA20 >= MA60
2023-06-19,14883308.0,8682282040.0,583.0,585.0,582.0,583.0,-6.0,18979.0,-0.01018675721561968,-0.010238997301094312,564.8,531.675,0.274410223522374,39488194.0,0.3769052593289022,False,MA20 >= MA60
2023-06-20,17013418.0,9902274410.0,579.0,585.0,579.0,583.0,0.0,17658.0,0.0,0.0,567.45,532.5083333333333,0.27388077807817823,39332524.05,0.43255342521045254,False,MA20 >= MA60
2023-06-21,23718735.0,13782152333.0,582.0,585.0,578.0,581.0,-2.0,25132.0,-0.0034305317324184736,-0.0034364294985810982,570.25,533.225,0.27051712031700675,39387399.75,0.6021909329010733,False,MA20 >= MA60
2023-06-26,29870090.0,17192208130.0,576.0,578.0,574.0,574.0,-7.0,28167.0,-0.012048192771084376,-0.01212136053234485,571.8,533.8083333333333,0.2539718354543682,37462858.05,0.7973254459158917,False,MA20 >= MA60
2023-06-27,22447417.0,12847067878.0,570.0,575.0,569.0,572.0,-2.0,20736.0,-0.0034843205574912606,-0.003490404939768491,572.1,534.4916666666667,0.20736322917228264,33338997.75,0.673308093072474,False,MA20 >= MA60
2023-06-28,18684508.0,10734873692.0,579.0,579.0,571.0,574.0,2.0,15939.0,0.0034965034965035446,0.0034904049397685676,572.4,535.3083333333333,0.20735633466564724,31332533.55,0.5963293064119292,False,MA20 >= MA60
2023-06-29,18046268.0,10372330946.0,578.0,580.0,570.0,573.0,-1.0,17649.0,-0.0017421602787456303,-0.0017436796048268398,572.75,536.025,0.20698253226573593,29860317.25,0.6043562045543907,False,MA20 >= MA60
2023-06-30,33830922.0,19401712736.0,570.0,576.0,568.0,576.0,3.0,20529.0,0.005235602094240788,0.005221943981151625,573.65,536.7083333333334,0.19987438167945482,27018086.9,1.2521583088105324,False,MA20 >= MA60
2023-07-03,15118041.0,8743824984.0,578.0,580.0,576.0,579.0,3.0,15659.0,0.005208333333333259,0.00519481687710393,575.05,537.475,0.1929506173722384,26511105.3,0.5702531384083787,False,MA20 >= MA60
2023-07-04,17777363.0,10361905547.0,585.0,585.0,580.0,585.0,6.0,18848.0,0.010362694300518172,0.010309369658861287,576.2,538.3916666666667,0.1842736216894526,25664718.35,0.6926771125076461,False,MA20 >= MA60
2023-07-05,15553503.0,9060750346.0,589.0,589.0,579.0,582.0,-3.0,16504.0,-0.00512820512820511,-0.005141399500418652,577.55,539.2416666666667,0.1783529599679656,25568203.3,0.608314272907866,False,MA20 >= MA60
2023-07-06,32069711.0,18234491768.0,573.0,574.0,565.0,565.0,-17.0,60108.0,-0.029209621993127155,-0.02964471658499689,577.8,539.8416666666667,0.20869080930967346,26093584.45,1.2290266621456831,False,MA20 >= MA60
2023-07-07,19858943.0,11244712238.0,565.0,572.0,563.0,565.0,0.0,21855.0,0.0,0.0,577.65,540.525,0.2022603636518166,25631935.95,0.7747734325935689,False,MA20 >= MA60
2023-07-10,18996089.0,10794393087.0,567.0,573.0,565.0,565.0,0.0,17792.0,0.0,0.0,577.95,541.275,0.19362790596263854,25319206.05,0.7502640075872363,False,MA20 >= MA60
2023-07-11,18566571.0,10665245909.0,574.0,577.0,570.0,577.0,12.0,17795.0,0.02123893805309729,0.021016535361658564,578.55,542.3916666666667,0.20421811284831093,25258724.65,0.7350557582486652,False,MA20 >= MA60
2023-07-12,16220006.0,9338600582.0,574.0,578.0,572.0,578.0,1.0,14426.0,0.0017331022530329143,0.0017316021642778939,578.75,543.425,0.1966500951073996,24636892.65,0.658362490368687,False,MA20 >= MA60
2023-07-13,26878397.0,15790086719.0,587.0,590.0,585.0,585.0,7.0,32540.0,0.01211072664359869,0.012037978559479096,578.35,544.5083333333333,0.16132581606144458,22847223.45,1.1764404133754818,False,MA20 >= MA60
2023-07-14,24381177.0,14372679526.0,589.0,591.0,587.0,591.0,6.0,26789.0,0.01025641025641022,0.010204170174241668,578.4,545.775,0.16486965166398013,22767182.7,1.0708912613944106,False,MA20 >= MA60
2023-07-17,14311753.0,8428551949.0,588.0,591.0,587.0,591.0,0.0,18226.0,0.0,0.0,578.4,547.125,0.16476685782902287,21989330.45,0.6508498761498216,False,MA20 >= MA60
2023-07-18,22022410.0,12866196578.0,587.0,588.0,580.0,581.0,-10.0,31079.0,-0.016920473773265665,-0.017065260554186983,578.0,548.2583333333333,0.17518690565976366,21012431.5,1.0480657604999213,False,MA20 >= MA60
2023-07-19,24909638.0,14517904258.0,584.0,587.0,579.0,581.0,0.0,20069.0,0.0,0.0,577.9,549.425,0.17150600856730988,21513748.0,1.1578474378337051,False,MA20 >= MA60
2023-07-20,15676734.0,9102325307.0,580.0,584.0,578.0,579.0,-2.0,19382.0,-0.0034423407917383297,-0.0034482792789159327,577.7,550.625,0.17190991710455128,21446913.8,0.7309552388838342,False,MA20 >= MA60
2023-07-21,52275128.0,29291080481.0,560.0,563.0,557.0,560.0,-19.0,86810.0,-0.032815198618307395,-0.033365693843800295,576.65,551.6583333333333,0.2070795991048311,22874733.45,2.2852781263774684,False,MA20 >= MA60
2023-07-24,27656825.0,15469188055.0,557.0,563.0,557.0,558.0,-2.0,30269.0,-0.0035714285714285587,-0.0035778213478839666,575.85,552.7666666666667,0.2036501466308891,22764070.2,1.2149332152384595,False,MA20 >= MA60
2023-07-25,22767807.0,12899067927.0,561.0,569.0,561.0,569.0,11.0,21119.0,0.019713261648745428,0.01952147174501989,575.7,554.025,0.21663410943859945,22780089.7,0.9994608142390239,False,MA20 >= MA60
2023-07-26,15147698.0,8586520667.0,569.0,571.0,563.0,566.0,-3.0,21679.0,-0.005272407732864637,-0.005286355923147948,575.3,555.0916666666667,0.21689971479526896,22603249.2,0.6701557756572449,False,MA20 >= MA60
2023-07-27,13004888.0,7396939592.0,570.0,570.0,566.0,569.0,3.0,12672.0,0.005300353356890497,0.0052863559231480246,575.1,556.225,0.21785157075323422,22351180.2,0.581843458986564,False,MA20 >= MA60
2023-07-28,19009675.0,10814265557.0,569.0,573.0,565.0,567.0,-2.0,19313.0,-0.0035149384885764245,-0.003521130398578825,574.65,557.4083333333333,0.21713699281960766,21610117.85,0.8796654942814205,False,MA20 >= MA60
2023-07-31,28409339.0,16044638425.0,575.0,575.0,560.0,565.0,-2.0,28425.0,-0.003527336860670194,-0.0035335725813111273,573.95,558.525,0.21619774445923493,22274682.75,1.2754093658191383,False,MA20 >= MA60
2023-08-01,18916866.0,10711815419.0,565.0,568.0,564.0,567.0,2.0,13827.0,0.003539823008849474,0.0035335725813110445,573.05,559.6416666666667,0.21271393809257325,22331657.9,0.8470873987371982,False,MA20 >= MA60
2023-08-02,34495766.0,19394908189.0,567.0,569.0,558.0,561.0,-6.0,34408.0,-0.010582010582010581,-0.010638398205055754,572.0,560.5916666666667,0.214826518647252,23278771.05,1.481855117089611,False,MA20 >= MA60
2023-08-04,29320685.0,16266624892.0,556.0,560.0,552.0,554.0,-7.0,47739.0,-0.012477718360071277,-0.012556218775412482,571.45,561.325,0.1936220703831396,23141319.75,1.2670273483430001,False,MA20 >= MA60
2023-08-07,15607870.0,8719529904.0,558.0,561.0,556.0,558.0,4.0,13239.0,0.0072202166064982976,0.007194275634027231,571.1,562.2416666666667,0.1957573778133511,22928766.1,0.6807112921789541,False,MA20 >= MA60
2023-08-08,21167596.0,11708530913.0,558.0,558.0,551.0,552.0,-6.0,33867.0,-0.010752688172043001,-0.010810916104215617,570.45,563.125,0.19904957557093658,23037341.45,0.9188384886312478,False,MA20 >= MA60
2023-08-09,15088059.0,8355524852.0,550.0,557.0,550.0,554.0,2.0,14590.0,0.0036231884057971175,0.003616640470188515,569.3,564.0916666666667,0.18192761940969818,22863415.85,0.6599214701332565,False,MA20 >= MA60
2023-08-10,18884431.0,10418779108.0,552.0,554.0,550.0,551.0,-3.0,21572.0,-0.005415162454873612,-0.005429877594369288,567.95,565.0166666666667,0.1817677438543095,22996637.1,0.8211822849524376,False,MA20 >= MA60
2023-08-11,24816095.0,13663661565.0,556.0,558.0,546.0,546.0,-5.0,33682.0,-0.00907441016333943,-0.009115833408009493,566.0,565.7,0.17487534599835886,22893522.0,1.0839789089682226,False,MA20 >= MA60
2023-08-14,24728477.0,13344853868.0,540.0,543.0,537.0,541.0,-5.0,44024.0,-0.009157509157509125,-0.009199696898423487,563.5,566.0666666666667,0.16824074624517538,22910887.0,1.0793330262595247,False,MA20 < MA60
2023-08-15,16341396.0,8859336259.0,543.0,545.0,540.0,542.0,1.0,20787.0,0.001848428835489857,0.0018467225931647112,561.05,566.2666666666667,0.16900177225883187,23012369.15,0.7101135868924648,False,MA20 < MA60
2023-08-16,29612963.0,15981443678.0,541.0,543.0,536.0,542.0,0.0,44555.0,0.0,0.0,559.1,566.4333333333333,0.16275216883304258,23391896.8,1.2659496257695528,False,MA20 < MA60
2023-08-17,24070209.0,13048399357.0,540.0,546.0,537.0,544.0,2.0,18167.0,0.0036900369003689537,0.003683245416296368,557.25,566.65,0.16429969186718546,23349925.35,1.0308473641437144,False,MA20 < MA60
2023-08-18,19582982.0,10591633376.0,540.0,544.0,539.0,539.0,-5.0,21346.0,-0.009191176470588203,-0.00923367594694544,555.25,566.8,0.16565829674814553,23545237.75,0.8317173182929529,False,MA20 < MA60
2023-08-21,18313588.0,9840509268.0,544.0,544.0,534.0,537.0,-2.0,33922.0,-0.0037105751391465214,-0.00371747640013242,554.1,567.0,0.12449695801133376,21847160.75,0.8382594063166766,False,MA20 < MA60
2023-08-22,14853796.0,8041168413.0,544.0,544.0,538.0,541.0,4.0,13606.0,0.007448789571694592,0.007421184337616826,553.25,566.9666666666667,0.12880027341871877,21207009.3,0.7004191769746618,False,MA20 < MA60
2023-08-23,21701684.0,11920663477.0,546.0,552.0,544.0,552.0,11.0,21521.0,0.020332717190388205,0.020128767430613825,552.4,566.7333333333333,0.13016588941753723,21153703.15,1.025904724393374,False,MA20 < MA60
2023-08-24,24409517.0,13715472727.0,563.0,564.0,558.0,564.0,12.0,28550.0,0.021739130434782705,0.021506205220963682,552.3,566.6666666666666,0.153041435616719,21616794.1,1.1291922792566174,False,MA20 < MA60
2023-08-25,25782760.0,14141567044.0,549.0,551.0,546.0,546.0,-18.0,42456.0,-0.03191489361702127,-0.032435275753153844,551.15,566.3333333333334,0.18843726628744695,22255687.7,1.1584795917135375,False,MA20 < MA60
2023-08-28,9384631.0,5166103257.0,547.0,553.0,547.0,549.0,3.0,11096.0,0.005494505494505475,0.0054794657646255705,550.25,566.1833333333333,0.19017837557650363,21774435.5,0.4309930790169049,False,MA20 < MA60
2023-08-29,10969386.0,6035376093.0,551.0,553.0,546.0,552.0,3.0,11040.0,0.005464480874316946,0.005449604767564685,549.6,566.2,0.1916072421925913,20902437.85,0.5247897914453074,False,MA20 < MA60
2023-08-30,18674649.0,10396527428.0,558.0,560.0,554.0,555.0,3.0,14916.0,0.005434782608695565,0.005420067469339113,549.0,566.0833333333334,0.19233172480631944,20890327.0,0.8939376104548291,False,MA20 < MA60
2023-08-31,47265347.0,25978808976.0,553.0,556.0,548.0,549.0,-6.0,19831.0,-0.010810810810810811,-0.010869672236903879,548.4,565.9833333333333,0.192484579848028,21528806.05,2.1954467372797013,False,MA20 < MA60
2023-09-01,15194921.0,8331995536.0,543.0,553.0,543.0,548.0,-1.0,12739.0,-0.0018214936247723523,-0.0018231545615151365,548.1,565.7833333333333,0.1877222582126046,20822517.85,0.7297350449864063,False,MA20 < MA60
2023-09-04,9772925.0,5412329762.0,549.0,557.0,549.0,557.0,9.0,12158.0,0.01642335766423364,0.016289952979268548,548.05,565.6,0.19541258080561352,20530770.6,0.4760135501197407,False,MA20 < MA60
2023-09-05,14337041.0,7911531475.0,553.0,555.0,550.0,552.0,-5.0,13714.0,-0.008976660682226245,-0.009017193650188745,548.05,565.4833333333333,0.1942165504968849,20189242.85,0.7101326734499109,False,MA20 < MA60
2023-09-06,14442757.0,7972706415.0,556.0,556.0,550.0,550.0,-2.0,12752.0,-0.0036231884057971175,-0.0036297680505787237,547.85,565.2333333333333,0.19416219590992698,20156977.75,0.7165140121266443,False,MA20 < MA60
2023-09-07,22610385.0,12305542681.0,546.0,548.0,542.0,542.0,-8.0,41564.0,-0.014545454545454528,-0.014652276786870375,547.4,564.7,0.1999759061151623,20343275.45,1.1114427003445013,False,MA20 < MA60
2023-09-08,16702110.0,8980038278.0,535.0,540.0,535.0,539.0,-3.0,36672.0,-0.005535055350553542,-0.005550430530649092,547.05,563.8,0.19840973443645915,19937576.2,0.837720183860664,False,MA20 < MA60
2023-09-11,15540773.0,8348107210.0,539.0,540.0,536.0,536.0,-3.0,31155.0,-0.005565862708719838,-0.005581409838195152,546.8,562.9,0.19675073868433646,19478191.0,0.7978550472166538,False,MA20 < MA60
2023-09-12,17135765.0,9268673682.0,536.0,545.0,536.0,544.0,8.0,20545.0,0.014925373134328401,0.014815085785140682,546.9,562.1166666666667,0.20406454005105817,19517909.45,0.8779508401705389,False,MA20 < MA60
2023-09-13,16836487.0,9146776791.0,545.0,548.0,541.0,541.0,-3.0,18111.0,-0.005514705882352922,-0.005529968009461086,546.85,561.3166666666667,0.20509506519321763,18879085.65,0.8918062724081133,False,MA20 < MA60
2023-09-14,18377284.0,10058129685.0,544.0,550.0,543.0,550.0,0.0,19037.0,0.01663585951940849,0.01649899938003507,547.15,560.7666666666667,0.2131836272905054,18594439.4,0.9883214871215747,False,MA20 < MA60
2023-09-15,44681949.0,24818735444.0,549.0,558.0,547.0,558.0,8.0,18023.0,0.014545454545454639,0.014440684154794428,548.1,560.35,0.21531322158609867,19849387.75,2.2510492294655284,False,MA20 < MA60
2023-09-18,40148161.0,21843932948.0,548.0,549.0,540.0,540.0,-18.0,58958.0,-0.032258064516129004,-0.03278982282299084,548.25,559.6666666666666,0.24661168956464172,20941116.4,1.9171929630265558,False,MA20 < MA60
2023-09-19,21099739.0,11374956906.0,539.0,543.0,538.0,538.0,-2.0,45323.0,-0.0037037037037036535,-0.0037105793965356015,548.1,559.0666666666667,0.2455553161436325,21253413.55,0.9927694179742717,False,MA20 < MA60
2023-09-20,28098535.0,15065407249.0,536.0,538.0,535.0,535.0,-3.0,50355.0,-0.005576208178438624,-0.00559181326577783,547.25,558.45,0.23381381305648263,21573256.1,1.3024707475660107,False,MA20 < MA60
2023-09-21,35984810.0,19006048743.0,530.0,531.0,526.0,527.0,-8.0,96356.0,-0.01495327102803734,-0.015066198354644178,545.4,557.6666666666666,0.22148016249005675,22152020.75,1.6244481894501657,False,MA20 < MA60
2023-09-22,33499481.0,17519111007.0,523.0,525.0,522.0,522.0,-5.0,68488.0,-0.009487666034155628,-0.009532960658723638,544.2,556.8166666666667,0.19586725087993706,22537856.8,1.4863649768153642,False,MA20 < MA60
2023-09-25,20583374.0,10814706278.0,522.0,529.0,522.0,525.0,3.0,23438.0,0.005747126436781658,0.0057306747089850745,543.0,555.9666666666667,0.19600041045731023,23097793.95,0.8911402554095431,False,MA20 < MA60
2023-09-26,29064997.0,15130935931.0,521.0,524.0,519.0,519.0,-6.0,66748.0,-0.011428571428571455,-0.011494379425735134,541.35,554.9666666666667,0.19645705700495325,24002574.5,1.2109116461652896,False,MA20 < MA60
2023-09-27,18655088.0,9709749290.0,517.0,523.0,516.0,522.0,3.0,22249.0,0.005780346820809301,0.005763704716750134,539.7,553.9166666666666,0.19665766797070283,24001596.45,0.7772436320584833,False,MA20 < MA60
2023-09-28,28350350.0,14826254349.0,523.0,525.0,520.0,523.0,1.0,20589.0,0.0019157088122605526,0.0019138761822841976,538.4,552.9333333333333,0.19512514045780288,23055846.6,1.2296382124610423,False,MA20 < MA60
2023-10-02,26891996.0,14300676237.0,530.0,534.0,528.0,533.0,10.0,23151.0,0.019120458891013437,0.01893996010092169,537.65,552.4,0.20950847123824554,23640700.35,1.1375295825362466,False,MA20 < MA60
2023-10-03,17601440.0,9335110434.0,528.0,533.0,528.0,529.0,-4.0,17430.0,-0.007504690431519689,-0.007532992307545148,536.25,551.8,0.1996400627788356,24032126.1,0.7324129345343273,False,MA20 < MA60
2023-10-04,29808729.0,15519741014.0,521.0,523.0,519.0,520.0,-9.0,49176.0,-0.017013232514177745,-0.017159620282826395,534.65,551.05,0.20506246245524798,24805710.5,1.2016881757932312,False,MA20 < MA60
2023-10-05,25749184.0,13563941939.0,523.0,529.0,523.0,528.0,8.0,19027.0,0.01538461538461533,0.01526747213078838,533.55,550.2333333333333,0.215033267217928,25371031.85,1.014904878612574,False,MA20 < MA60
2023-10-06,16160314.0,8587684448.0,530.0,533.0,529.0,532.0,4.0,14047.0,0.007575757575757569,0.007547205635382904,533.05,549.4666666666667,0.2121675662808441,25048528.3,0.6451602188540554,False,MA20 < MA60
2023-10-11,61670562.0,33477968593.0,542.0,544.0,540.0,544.0,12.0,43385.0,0.022556390977443552,0.022305757514298186,533.3,548.7833333333333,0.2268559835009823,27296950.9,2.2592472773213657,False,MA20 < MA60
2023-10-12,36350241.0,19916786786.0,545.0,550.0,544.0,550.0,6.0,35333.0,0.011029411764705843,0.010969031370573937,534.0,548.1,0.22855515143116018,28337424.3,1.2827644677642773,False,MA20 < MA60
2023-10-13,34704924.0,19128100250.0,550.0,554.0,548.0,553.0,3.0,31159.0,0.005454545454545379,0.005439723295818121,534.45,547.4666666666667,0.22353276638784528,29215882.25,1.1878786922479467,False,MA20 < MA60
2023-10-16,21867048.0,11909042136.0,546.0,547.0,542.0,545.0,-8.0,21225.0,-0.01446654611211573,-0.014572206859090723,534.65,546.8666666666667,0.22913634369219904,29467410.3,0.7420756618032363,False,MA20 < MA60
2023-10-17,19462529.0,10712565922.0,550.0,552.0,548.0,551.0,6.0,19538.0,0.011009174311926495,0.010949014489670303,534.7,546.3666666666667,0.22469799814546487,29521672.55,0.6592624102525654,False,MA20 < MA60
2023-10-18,28848123.0,15664232734.0,549.0,549.0,540.0,540.0,-11.0,27159.0,-0.019963702359346636,-0.020165669594594413,533.8,545.7166666666667,0.22880115479906427,28729981.25,1.0041121415629186,False,MA20 < MA60
2023-10-19,26999255.0,14717458172.0,540.0,548.0,540.0,546.0,6.0,18309.0,0.011111111111111072,0.011049836186584935,534.1,545.4833333333333,0.20176541701028036,28072535.95,0.9617675812434039,False,MA20 < MA60
2023-10-20,49143932.0,27116129760.0,549.0,556.0,546.0,556.0,10.0,41402.0,0.01831501831501825,0.01814931850567727,535.0,545.45,0.21044532532142518,29474745.6,1.6673233644466128,False,MA20 < MA60
2023-10-23,24172637.0,13193058890.0,552.0,553.0,543.0,544.0,-12.0,23393.0,-0.021582733812949617,-0.021819047394639725,535.45,545.0333333333333,0.22498391622620084,29278450.7,0.8256118893613452,False,MA20 < MA60
2023-10-24,15761516.0,8562488660.0,543.0,546.0,540.0,544.0,0.0,15637.0,0.0,0.0,536.3,544.6666666666666,0.2171058715859503,28267286.0,0.5575885849104862,False,MA20 < MA60
2023-10-25,17137199.0,9371422161.0,544.0,551.0,544.0,544.0,0.0,12233.0,0.0,0.0,537.4,544.25,0.21321153348453445,27449171.9,0.6243248088660919,False,MA20 < MA60
2023-10-26,31682955.0,16851704175.0,530.0,535.0,530.0,531.0,-13.0,45750.0,-0.023897058823529438,-0.02418722561400382,537.7,543.65,0.23174281732018231,28004150.95,1.1313663840967119,False,MA20 < MA60
2023-10-27,17050787.0,9094404470.0,534.0,536.0,532.0,533.0,2.0,14773.0,0.0037664783427495685,0.0037594029239057455,538.4,543.1166666666667,0.227458714422093,27403440.45,0.6222133688326715,False,MA20 < MA60
2023-10-30,23299422.0,12374705789.0,531.0,534.0,528.0,532.0,-1.0,24536.0,-0.0018761726078799779,-0.0018779348242002089,538.9,542.5333333333333,0.22713974681265542,27635657.15,0.8430927433183908,False,MA20 < MA60
2023-10-31,28073280.0,14873552534.0,535.0,535.0,527.0,529.0,-3.0,32067.0,-0.005639097744360888,-0.005655057483344988,539.2,542.0,0.22833629984502515,27621803.65,1.0163449264834667,False,MA20 < MA60
2023-11-01,14028881.0,7432561094.0,533.0,533.0,527.0,528.0,-1.0,15452.0,-0.001890359168241984,-0.0018921481520379265,538.95,541.5666666666667,0.21775228129342078,26978647.9,0.5199994103485075,False,MA20 < MA60
2023-11-02,31075778.0,16846430251.0,536.0,547.0,535.0,547.0,19.0,32075.0,0.0359848484848484,0.03535251871571965,539.85,541.3833333333333,0.2510569009870587,27652364.8,1.1238018239944527,False,MA20 < MA60
2023-11-03,16673456.0,9129495705.0,547.0,549.0,545.0,549.0,2.0,17911.0,0.003656307129798808,0.003649639087549331,541.3,541.3333333333334,0.24104252441571689,26995601.15,0.6176360328986413,False,MA20 < MA60
2023-11-06,31297186.0,17321453879.0,553.0,556.0,550.0,550.0,1.0,32684.0,0.0018214936247722413,0.0018198367169858993,542.4,541.2666666666667,0.23643430851622257,27273001.25,1.1475519585509497,False,MA20 >= MA60
2023-11-07,16990175.0,9406486499.0,552.0,555.0,550.0,555.0,5.0,15356.0,0.009090909090909038,0.009049835519917856,543.55,541.3333333333334,0.23695621366022337,27314494.3,0.6220204852923087,False,MA20 >= MA60
2023-11-08,16780331.0,9308096586.0,550.0,557.0,550.0,556.0,1.0,17845.0,0.0018018018018017834,0.0018001805041478473,544.15,541.5,0.22445909192187413,25069982.75,0.6693395511012069,False,MA20 >= MA60
2023-11-09,13649525.0,7577883144.0,551.0,557.0,551.0,557.0,1.0,12731.0,0.0017985611510791255,0.0017969456767016347,544.5,541.7666666666667,0.2214617720805359,23934946.95,0.5702759662895347,False,MA20 >= MA60
2023-11-10,14105575.0,7841514218.0,555.0,557.0,554.0,557.0,0.0,15342.0,0.0,0.0,544.7,542.0166666666667,0.22076195352155836,22904979.5,0.6158300643753032,False,MA20 >= MA60
2023-11-13,46556047.0,26712320428.0,579.0,580.0,571.0,571.0,14.0,51281.0,0.025134649910233398,0.0248239697287262,546.0,542.5,0.22983538818825192,24139429.45,1.9286307945443177,False,MA20 >= MA60
2023-11-14,25366980.0,14553766501.0,576.0,576.0,571.0,572.0,1.0,29653.0,0.0017513134851139256,0.0017497817237877723,547.05,542.9666666666667,0.2275914874699975,24434652.0,1.0381559761931538,False,MA20 >= MA60
2023-11-15,53122455.0,30807985243.0,583.0,583.0,575.0,581.0,9.0,56108.0,0.01573426573426584,0.015611765472113433,549.1,543.6666666666666,0.21699220184753268,25648368.6,2.071182609251802,False,MA20 >= MA60
2023-11-16,31059487.0,18056972159.0,581.0,583.0,578.0,583.0,2.0,25771.0,0.0034423407917383297,0.0034364294985810974,550.95,544.4333333333333,0.21524409659792088,25851380.2,1.201463394205931,False,MA20 >= MA60
2023-11-17,22878229.0,13295351545.0,579.0,583.0,579.0,580.0,-3.0,22517.0,-0.005145797598627766,-0.005159082810027336,552.15,545.0833333333334,0.20967798686086037,24538095.05,0.932355545668163,False,MA20 >= MA60
2023-11-20,26606128.0,15343389700.0,576.0,579.0,575.0,577.0,-3.0,21159.0,-0.005172413793103403,-0.005185837032365414,553.8,545.5,0.19237026780825361,24659769.6,1.0789284908809529,False,MA20 >= MA60
2023-11-21,39880714.0,23286785359.0,582.0,585.0,581.0,585.0,8.0,35442.0,0.013864818024263537,0.013769580723757035,555.85,545.85,0.19575099544697502,25865729.5,1.5418360421653678,False,MA20 >= MA60
2023-11-22,23922047.0,13783944507.0,576.0,579.0,574.0,577.0,-8.0,31701.0,-0.013675213675213627,-0.013769580723756883,557.5,546.3666666666667,0.2049904831353373,26204971.9,0.9128819939700069,False,MA20 >= MA60
2023-11-23,15143501.0,8714906968.0,574.0,578.0,574.0,578.0,1.0,15621.0,0.0017331022530329143,0.0017316021642778939,559.85,546.85,0.1788651602801948,25377999.2,0.5967176876575834,False,MA20 >= MA60
2023-11-24,12503334.0,7192811445.0,577.0,578.0,574.0,575.0,-3.0,12961.0,-0.00519031141868509,-0.005203827875026998,561.95,547.2333333333333,0.18202331958243584,25150626.55,0.4971380722918809,False,MA20 >= MA60
2023-11-27,20321872.0,11598721713.0,573.0,577.0,568.0,568.0,-7.0,28620.0,-0.012173913043478257,-0.012248622076199086,563.75,547.45,0.18983118242233304,25001749.05,0.8128180136261307,False,MA20 >= MA60
2023-11-28,26932029.0,15393289150.0,565.0,576.0,565.0,575.0,7.0,17693.0,0.012323943661971759,0.01224862207619902,566.05,547.8833333333333,0.1892617700899887,24944686.5,1.079669973002066,False,MA20 >= MA60
2023-11-29,27786565.0,15937354487.0,578.0,579.0,570.0,574.0,-1.0,23135.0,-0.0017391304347825765,-0.0017406444777839894,568.35,548.3166666666667,0.1891975038730682,25632570.7,1.0840334871289363,False,MA20 >= MA60
2023-11-30,54365027.0,31284297816.0,576.0,577.0,570.0,577.0,3.0,18807.0,0.005226480836237002,0.005212870188533211,569.85,548.65,0.1477339000569116,26797033.15,2.0287703752756676,False,MA20 >= MA60
2023-12-01,28797795.0,16600169332.0,573.0,579.0,573.0,579.0,2.0,18507.0,0.0034662045060658286,0.0034602110648956526,571.35,549.1,0.14771936092856836,27403250.1,1.0508897628898406,False,MA20 >= MA60
2023-12-04,29424299.0,16917950637.0,582.0,582.0,571.0,574.0,-5.0,23004.0,-0.008635578583765069,-0.00867308125342878,572.55,549.5,0.15311369044202405,27309605.75,1.0774340453450157,False,MA20 >= MA60
2023-12-05,27355530.0,15570195609.0,571.0,572.0,567.0,570.0,-4.0,26933.0,-0.006968641114982632,-0.006993035490970637,573.3,549.9666666666667,0.15411091107468253,27827873.5,0.9830262452501086,False,MA20 >= MA60
2023-12-06,23116422.0,13197098680.0,568.0,575.0,568.0,570.0,0.0,15802.0,0.0,0.0,574.0,550.4833333333333,0.15417802176585507,28144678.05,0.8213425628437772,False,MA20 >= MA60
2023-12-07,24259384.0,13786125780.0,570.0,573.0,566.0,566.0,-4.0,26821.0,-0.007017543859649145,-0.007042282625412923,574.45,550.9833333333333,0.1569425167396786,28675171.0,0.8460066027156385,False,MA20 >= MA60
2023-12-08,39243978.0,22520643109.0,574.0,577.0,570.0,570.0,4.0,23505.0,0.007067137809187329,0.007042282625412951,575.1,551.4166666666666,0.15843388648058965,29932091.15,1.3111004441131404,False,MA20 >= MA60
2023-12-11,29204446.0,16730528425.0,572.0,575.0,570.0,574.0,4.0,19353.0,0.007017543859649145,0.006993035490970604,575.25,551.9666666666667,0.13317315973513888,29064511.1,1.0048146311327424,False,MA20 >= MA60
2023-12-12,32856787.0,19003744361.0,580.0,581.0,575.0,578.0,4.0,22572.0,0.006968641114982521,0.006944472352810995,575.55,552.4333333333333,0.13520191554906877,29439001.45,1.1160971969720122,False,MA20 >= MA60
2023-12-13,24327758.0,14033215240.0,576.0,579.0,576.0,577.0,-1.0,18524.0,-0.0017301038062284002,-0.001731602164277935,575.35,552.75,0.1228461775610103,27999266.6,0.8688712582207421,False,MA20 >= MA60
2023-12-14,40580966.0,23556973793.0,581.0,582.0,579.0,582.0,0.0,33409.0,0.008665511265164572,0.008628181223338189,575.3,553.45,0.12631619733873875,28475340.55,1.4251266259219506,False,MA20 >= MA60
2023-12-15,58693166.0,34304458160.0,585.0,586.0,580.0,585.0,3.0,35791.0,0.005154639175257714,0.005141399500418652,575.55,554.2333333333333,0.12610259930727816,30266087.4,1.9392386344592398,False,MA20 >= MA60
2023-12-18,26938728.0,15672718097.0,579.0,585.0,577.0,585.0,0.0,22094.0,0.0,0.0,575.95,555.0666666666667,0.12436345993952365,30282717.4,0.8895743286234941,False,MA20 >= MA60
2023-12-19,30591879.0,17885392353.0,588.0,588.0,580.0,585.0,0.0,21981.0,0.0,0.0,575.95,556.0333333333333,0.11425057416946889,29818275.65,1.0259439331462483,False,MA20 >= MA60
2023-12-20,38628249.0,22578626040.0,587.0,587.0,583.0,585.0,0.0,25685.0,0.0,0.0,576.35,557.0833333333334,0.10217570777507917,30553585.75,1.2642787434532132,False,MA20 >= MA60
2023-12-21,26007263.0,14995966443.0,577.0,579.0,575.0,577.0,-8.0,33077.0,-0.013675213675213627,-0.013769580723756883,576.3,557.95,0.1140723310413076,31096773.85,0.8363331555051329,False,MA20 >= MA60
2023-12-22,19328302.0,11226845287.0,582.0,582.0,579.0,582.0,5.0,14330.0,0.008665511265164572,0.008628181223338189,576.65,559.0,0.11638994492272199,31438022.25,0.6148065500526197,False,MA20 >= MA60
2023-12-25,9994163.0,5820235840.0,582.0,585.0,580.0,581.0,-1.0,12786.0,-0.0017182130584192379,-0.0017196908795265881,577.3,559.9833333333333,0.10664275308722987,30921636.8,0.3232093781012265,False,MA20 >= MA60
2023-12-26,17033926.0,9963615754.0,583.0,586.0,582.0,586.0,5.0,22883.0,0.008605851979345935,0.008569032725101367,577.85,561.0333333333333,0.10220155200803063,30426731.65,0.5598342337896157,False,MA20 >= MA60
2023-12-27,34750958.0,20491144772.0,587.0,592.0,586.0,592.0,6.0,37372.0,0.010238907849829282,0.010186845306992997,578.75,562.0166666666667,0.10673746512853168,30774951.3,1.129196197948167,False,MA20 >= MA60
2023-12-28,27152352.0,16064106365.0,592.0,593.0,589.0,593.0,1.0,26497.0,0.0016891891891892552,0.0016877641137198365,579.55,563.0833333333334,0.10586372192389915,29414317.55,0.9230998459795985,False,MA20 >= MA60
2023-12-29,20155619.0,11931171966.0,589.0,593.0,589.0,593.0,0.0,20081.0,0.0,0.0,580.25,564.3,0.10567679501340482,28982208.75,0.695447996178,False,MA20 >= MA60
2024-01-02,27997826.0,16549619798.0,590.0,593.0,589.0,593.0,0.0,20667.0,0.0,0.0,581.2,565.3833333333333,0.09924927257912232,28910885.1,0.968418154724706,False,MA20 >= MA60
2024-01-03,40134497.0,23267025945.0,584.0,585.0,576.0,578.0,-15.0,56916.0,-0.025295109612141653,-0.025620530325347984,581.6,566.15,0.13517087301648634,29549833.45,1.3581970628670328,False,MA20 >= MA60
2024-01-04,18063758.0,10466284102.0,580.0,581.0,577.0,580.0,2.0,15010.0,0.0034602076124568004,0.0034542348680876036,582.1,566.75,0.13548008093651231,29297200.25,0.6165694279950863,False,MA20 >= MA60
2024-01-05,22008878.0,12685460114.0,578.0,580.0,574.0,576.0,-4.0,28660.0,-0.006896551724137945,-0.006920442844573795,582.6,567.1833333333333,0.13538689028234532,29184674.95,0.7541244861457674,False,MA20 >= MA60
2024-01-08,19270119.0,11232942053.0,582.0,585.0,579.0,583.0,7.0,19950.0,0.012152777777777679,0.01207952565460104,583.25,567.6833333333333,0.1395922282766826,28185982.0,0.6836774038953122,False,MA20 >= MA60
2024-01-09,23718766.0,13909252422.0,588.0,589.0,583.0,586.0,3.0,23975.0,0.005145797598627766,0.005132603226520216,583.85,568.3666666666667,0.13870674264894498,27911698.0,0.8497786841918396,False,MA20 >= MA60
2024-01-10,13708117.0,8006229126.0,581.0,586.0,580.0,584.0,-2.0,16104.0,-0.0034129692832765013,-0.003418806748785609,584.15,568.9166666666666,0.13774468111621307,26954264.5,0.5085695066916035,False,MA20 >= MA60
2024-01-11,27842729.0,16323168586.0,586.0,589.0,583.0,586.0,2.0,20754.0,0.003424657534246478,0.003418806748785461,584.6,569.6833333333333,0.1378269977044261,27130013.05,1.0262703872897694,False,MA20 >= MA60
2024-01-12,17636558.0,10304253419.0,581.0,588.0,581.0,584.0,-2.0,15765.0,-0.0034129692832765013,-0.003418806748785609,584.7,570.3166666666667,0.13534284077688935,25982792.65,0.678778383739286,False,MA20 >= MA60
2024-01-15,21900687.0,12873769022.0,590.0,590.0,585.0,586.0,2.0,21886.0,0.003424657534246478,0.003418806748785461,584.75,570.8166666666667,0.1346414348844282,24143168.7,0.9071173412295297,False,MA20 >= MA60
2024-01-16,28889681.0,16817280777.0,581.0,588.0,579.0,580.0,-6.0,21938.0,-0.010238907849829393,-0.010291686036547636,584.5,571.4166666666666,0.13957716466676823,24240716.35,1.191783303054078,False,MA20 >= MA60
2024-01-17,46857735.0,27229863028.0,583.0,584.0,578.0,581.0,1.0,28790.0,0.0017241379310344307,0.001722653311446156,584.3,572.0333333333333,0.13977544087201194,25054009.15,1.8702689345828711,False,MA20 >= MA60
2024-01-18,36746623.0,21575062923.0,586.0,589.0,585.0,588.0,7.0,28621.0,0.012048192771084265,0.01197619104671562,584.45,572.7666666666667,0.1465057824490325,24959927.85,1.4722247284060157,False,MA20 >= MA60
2024-01-19,176166037.0,109423769320.0,625.0,627.0,614.0,626.0,38.0,207364.0,0.06462585034013602,0.06262342320147157,586.9,574.35,0.26399899958095424,32467866.55,5.4258581089307825,True,MA20 >= MA60
2024-01-22,70829523.0,44436449501.0,633.0,633.0,623.0,626.0,0.0,56376.0,0.0,0.0,589.1,575.9,0.2638518787592809,35042927.6,2.021221623047271,False,MA20 >= MA60
2024-01-23,45761889.0,28681559251.0,629.0,629.0,622.0,628.0,2.0,34729.0,0.0031948881789136685,0.003189795368100081,591.45,577.5,0.26306961410914725,36831313.9,1.2424723463367948,False,MA20 >= MA60
2024-01-24,29905121.0,18779693566.0,628.0,630.0,624.0,627.0,-1.0,27062.0,-0.0015923566878981443,-0.001593625835278036,593.5,579.1333333333333,0.2632044070780623,37474873.65,0.7980045851335379,False,MA20 >= MA60
2024-01-25,59214638.0,37803501446.0,635.0,642.0,633.0,642.0,15.0,85006.0,0.02392344497607657,0.023641763057040494,596.0,581.0333333333333,0.27217137098286126,38698057.65,1.5301708043220097,False,MA20 >= MA60
2024-01-26,44103850.0,28392638215.0,644.0,646.0,639.0,644.0,2.0,41691.0,0.0031152647975076775,0.00311042241439233,598.55,582.65,0.2720440510827802,39545632.55,1.1152647500134627,False,MA20 >= MA60
2024-01-29,29828008.0,19268444564.0,646.0,648.0,644.0,648.0,4.0,32347.0,0.006211180124223503,0.00619197024792098,601.3,584.3,0.27164426755888105,40029252.0,0.7451552679525463,False,MA20 >= MA60
2024-01-30,40398877.0,26028211247.0,642.0,647.0,642.0,642.0,-6.0,35002.0,-0.0092592592592593,-0.009302392662313561,603.75,585.8333333333334,0.2756733469529055,40649304.55,0.993839315265727,False,MA20 >= MA60
2024-01-31,47554701.0,29978630024.0,634.0,637.0,626.0,628.0,-14.0,61811.0,-0.02180685358255452,-0.0220481372217625,606.25,587.05,0.2709752331437397,41020314.75,1.1592963459647758,False,MA20 >= MA60
2024-02-01,46924943.0,29237425981.0,625.0,628.0,619.0,628.0,0.0,51671.0,0.0,0.0,608.65,588.25,0.2713940754097031,42463374.0,1.1050686410363906,False,MA20 >= MA60
2024-02-02,27797894.0,17563853315.0,633.0,635.0,628.0,635.0,7.0,22257.0,0.011146496815286566,0.011084832424492914,611.6,589.55,0.26922981857608086,42752824.8,0.650200171100741,False,MA20 >= MA60
2024-02-05,48037344.0,30931242935.0,645.0,647.0,638.0,646.0,11.0,51065.0,0.017322834645669305,0.017174504889910215,614.75,591.0333333333333,0.2716608141846118,44191186.05,1.0870345037955822,False,MA20 >= MA60
2024-02-15,132263803.0,92592826951.0,709.0,709.0,693.0,697.0,51.0,130374.0,0.07894736842105265,0.07598590697792205,620.3,593.1333333333333,0.3770497249506589,49618437.9,2.665618036314682,True,MA20 >= MA60
2024-02-16,48963167.0,33742716965.0,697.0,699.0,683.0,683.0,-14.0,56882.0,-0.020086083213773365,-0.02029055118973387,625.25,594.9833333333333,0.38877445898887847,51381190.4,0.9529395216191799,False,MA20 >= MA60
2024-02-19,36366837.0,24665534552.0,674.0,682.0,674.0,678.0,-5.0,35240.0,-0.007320644216691097,-0.007347571630394522,629.85,596.6,0.3923559328775545,51807395.8,0.7019622669395014,False,MA20 >= MA60
2024-02-20,31403730.0,21494427969.0,675.0,688.0,675.0,687.0,9.0,32847.0,0.01327433628318575,0.013187004281953681,635.0,598.3333333333334,0.39061189918284484,52495754.4,0.5982146624794481,False,MA20 >= MA60
2024-02-21,31980543.0,21748906940.0,678.0,683.0,678.0,681.0,-6.0,36004.0,-0.008733624454148492,-0.008771986072836994,639.75,600.0166666666667,0.3950384926970582,52999747.2,0.6034093498468611,False,MA20 >= MA60
2024-02-22,34269392.0,23664176835.0,695.0,695.0,685.0,692.0,11.0,36998.0,0.01615271659324513,0.016023649468157104,645.35,601.9333333333333,0.3901097536862575,53268732.75,0.643330340911855,False,MA20 >= MA60
2024-02-23,48404478.0,33847447281.0,701.0,703.0,696.0,697.0,5.0,48018.0,0.007225433526011571,0.007199455142854329,651.15,603.8,0.3892096069142144,53346069.9,0.907367273554298,False,MA20 >= MA60
2024-02-26,29976379.0,20917136411.0,700.0,700.0,695.0,698.0,1.0,25850.0,0.0014347202295552641,0.001433692001848616,656.65,605.8166666666667,0.3900812367040218,53007557.7,0.5655114157428913,False,MA20 >= MA60
2024-02-27,35389548.0,24647159479.0,700.0,701.0,691.0,698.0,0.0,31145.0,0.0,0.0,660.25,607.8166666666667,0.3305117610975959,45968733.25,0.7698612839195433,False,MA20 >= MA60
2024-02-29,59337072.0,40973093720.0,691.0,698.0,688.0,690.0,-8.0,39066.0,-0.011461318051575908,-0.011527505171067383,663.45,609.7333333333333,0.3355789193765567,45394110.7,1.3071535290590017,False,MA20 >= MA60
2024-03-01,24167721.0,16699995060.0,697.0,697.0,688.0,689.0,-1.0,26282.0,-0.0014492753623188692,-0.0014503265776465246,666.5,611.75,0.33632982067854367,44314402.3,0.545369445274003,False,MA20 >= MA60
2024-03-04,97210112.0,69868348694.0,714.0,725.0,711.0,725.0,36.0,125799.0,0.052249637155297624,0.050930383841016294,671.4,614.25,0.3747536702334886,47679651.85,2.0388175716094286,True,MA20 >= MA60
2024-03-05,73299411.0,53751887376.0,735.0,738.0,728.0,730.0,5.0,69851.0,0.006896551724137945,0.0068728792877620504,675.8,616.85,0.36972345767278764,48383890.5,1.5149548794551773,False,MA20 >= MA60
2024-03-06,52464833.0,38203868985.0,718.0,738.0,717.0,735.0,5.0,49897.0,0.006849315068493178,0.006825965070399891,680.35,619.4833333333333,0.36948172399664303,48801939.65,1.0750563067015309,False,MA20 >= MA60
2024-03-07,80382406.0,61221034146.0,755.0,769.0,754.0,760.0,25.0,96348.0,0.03401360544217691,0.033447934067540125,685.95,622.5,0.3817894892303164,51329659.55,1.5660031004433188,False,MA20 >= MA60
2024-03-08,98069174.0,77295575097.0,795.0,796.0,772.0,784.0,24.0,110758.0,0.03157894736842115,0.03109058707003118,693.05,626.0,0.3844320178894403,54213174.4,1.8089546514361645,False,MA20 >= MA60
2024-03-11,73436931.0,56348050108.0,768.0,778.0,761.0,766.0,-18.0,107368.0,-0.022959183673469385,-0.023226850609816545,699.95,629.2666666666667,0.38572850278460097,55507285.9,1.3230142639707052,False,MA20 >= MA60
2024-03-12,63336798.0,48288411581.0,757.0,771.0,754.0,770.0,4.0,56154.0,0.005221932114882533,0.00520834510713826,707.05,632.6,0.38433016960512345,56327878.65,1.1244307351524945,False,MA20 >= MA60
2024-03-13,43130896.0,33672441212.0,785.0,785.0,777.0,779.0,9.0,37744.0,0.011688311688311748,0.01162053102301879,714.25,636.15,0.3843467855403063,57094528.75,0.7554295822084354,False,MA20 >= MA60
2024-03-14,48964017.0,38196293503.0,779.0,785.0,770.0,784.0,5.0,35137.0,0.006418485237484006,0.0063979744796596365,721.15,639.7166666666667,0.38374387521130593,57140862.4,0.8569002101725367,False,MA20 >= MA60
2024-03-15,80580846.0,61451780435.0,771.0,777.0,753.0,753.0,-31.0,95014.0,-0.039540816326530615,-0.04034379255051427,723.95,642.7,0.3277831963064093,54556714.55,1.477010605654222,False,MA20 >= MA60
2024-03-18,46006400.0,34967084535.0,754.0,765.0,754.0,764.0,0.0,40073.0,0.014608233731739695,0.014502561366626901,728.0,645.8,0.31681982987994906,54408876.2,0.8455679148910633,False,MA20 >= MA60
2024-03-19,32078900.0,24399917859.0,758.0,765.0,755.0,762.0,-2.0,31208.0,-0.002617801047120394,-0.0026212334798741926,732.2,648.8833333333333,0.3146677099386813,54194479.35,0.5919219150132863,False,MA20 >= MA60
2024-03-20,48788389.0,37117091830.0,764.0,769.0,752.0,758.0,-4.0,46702.0,-0.005249343832021025,-0.005263170044274644,735.75,651.8166666666667,0.3158887436330834,55063712.3,0.8860352301383065,False,MA20 >= MA60
2024-03-21,47759094.0,37203673872.0,773.0,784.0,772.0,784.0,26.0,48467.0,0.03430079155672816,0.03372563470803612,740.9,655.1333333333333,0.32758215942086427,55852639.85,0.8550910776690889,False,MA20 >= MA60
2024-03-22,32629749.0,25521571701.0,788.0,789.0,775.0,785.0,1.0,33054.0,0.0012755102040815647,0.0012746974320005163,745.55,658.4666666666667,0.32648525489210867,55770657.7,0.5850701846752652,False,MA20 >= MA60
2024-03-25,21223414.0,16612693369.0,783.0,788.0,779.0,780.0,-5.0,24794.0,-0.006369426751592355,-0.00638979809877101,749.7,661.7166666666667,0.32964901309831895,54411604.5,0.39005308141574835,False,MA20 >= MA60
2024-03-26,43103294.0,33847261033.0,788.0,792.0,776.0,782.0,2.0,35046.0,0.002564102564102555,0.0025608208616736505,753.9,665.0,0.3294729657182853,55067950.25,0.7827292246091909,False,MA20 >= MA60
2024-03-27,19732209.0,15418346943.0,785.0,785.0,779.0,779.0,-3.0,21006.0,-0.0038363171355498826,-0.003843694674562827,757.95,668.3666666666667,0.33066353021376654,54285083.3,0.36349228555020013,False,MA20 >= MA60
2024-03-28,28393398.0,21889883699.0,774.0,776.0,768.0,769.0,-10.0,39848.0,-0.012836970474967901,-0.012920076365104283,761.9,671.4833333333333,0.33164556405529894,52737899.6,0.5383869705724875,False,MA20 >= MA60
2024-03-29,20212820.0,15682908766.0,769.0,781.0,768.0,779.0,10.0,18110.0,0.013003901170351106,0.01292007636510429,766.4,674.7833333333333,0.3315158729424913,52540154.55,0.38471184893002947,False,MA20 >= MA60
2024-04-01,22348250.0,17301753062.0,783.0,783.0,769.0,770.0,-9.0,28192.0,-0.011553273427471145,-0.011620531023018759,768.65,677.85,0.28902219806246066,48797061.45,0.4579835206449711,False,MA20 >= MA60
2024-04-02,42219075.0,33230356267.0,784.0,790.0,783.0,790.0,20.0,41138.0,0.025974025974025983,0.025642430613337652,771.65,681.15,0.30000668459062546,47243044.65,0.893656945964849,False,MA20 >= MA60
2024-04-03,32909892.0,25719094412.0,783.0,785.0,778.0,780.0,-10.0,36003.0,-0.012658227848101222,-0.012739025777429714,773.9,684.2666666666667,0.30559780045434803,46265297.6,0.71132995370595,False,MA20 >= MA60
2024-04-08,40567580.0,31925988285.0,789.0,792.0,783.0,783.0,3.0,29304.0,0.0038461538461538325,0.003838776307165667,775.05,687.4333333333333,0.2831254095742972,44274556.3,0.9162729881496294,False,MA20 >= MA60
2024-04-09,61642573.0,49946542596.0,795.0,820.0,792.0,819.0,36.0,89138.0,0.04597701149425282,0.04495138786226627,776.8,691.2,0.3069290047195996,42453226.25,1.4520115064282069,True,MA20 >= MA60
2024-04-10,31109466.0,25358780514.0,815.0,819.0,810.0,815.0,-4.0,39131.0,-0.004884004884004867,-0.004895970612206698,779.25,695.15,0.29356580446829983,40336853.0,0.7712417723812018,False,MA20 >= MA60
2024-04-11,27772972.0,22655121636.0,811.0,820.0,811.0,820.0,5.0,34739.0,0.006134969325153339,0.006116227017436054,781.75,699.15,0.29366433599345165,38558661.7,0.720278421903839,False,MA20 >= MA60
2024-04-12,32473155.0,26663806808.0,823.0,826.0,817.0,818.0,-2.0,38091.0,-0.0024390243902439046,-0.0024420036555517443,783.7,703.1833333333333,0.2925996915647384,38025774.65,0.853977474460208,False,MA20 >= MA60
2024-04-15,41251141.0,33300372097.0,804.0,812.0,803.0,806.0,-12.0,60451.0,-0.014669926650366705,-0.01477859409611872,784.8,706.9,0.2984716283060192,37640130.85,1.0959351115008145,False,MA20 >= MA60
2024-04-16,54120813.0,42833069476.0,802.0,803.0,785.0,788.0,-18.0,127956.0,-0.022332506203473934,-0.022585652648749153,786.55,710.2666666666667,0.27213778471105027,36317129.2,1.490228280488646,False,MA20 >= MA60
2024-04-17,36616351.0,29324186091.0,798.0,808.0,793.0,804.0,16.0,43890.0,0.020304568527918843,0.020101179321087303,788.55,713.9333333333333,0.27624395445693334,35847626.75,1.0214442159689134,False,MA20 >= MA60
2024-04-18,45765617.0,36684269610.0,796.0,810.0,792.0,804.0,0.0,46571.0,0.0,0.0,790.65,717.5666666666667,0.27573180034599803,36531962.6,1.2527554980032745,False,MA20 >= MA60
2024-04-19,143868560.0,109032970933.0,769.0,770.0,746.0,750.0,-54.0,356590.0,-0.06716417910447758,-0.06952606264861022,790.25,720.3333333333334,0.3709377400917305,41285971.15,3.484683925135185,True,MA20 >= MA60
2024-04-22,52354944.0,39093628250.0,740.0,757.0,740.0,742.0,-8.0,103120.0,-0.010666666666666713,-0.010723963362975724,788.15,722.9333333333333,0.34905353351682833,41515763.65,1.2610858959835127,False,MA20 >= MA60
2024-04-23,32067682.0,24247217869.0,761.0,761.0,752.0,754.0,12.0,34807.0,0.016172506738544534,0.016043124840575684,786.6,725.8333333333334,0.35515212678127345,41487660.3,0.7729450580754973,False,MA20 >= MA60
2024-04-24,41652749.0,32458429294.0,770.0,785.0,769.0,783.0,29.0,58442.0,0.03846153846153855,0.03774032798284711,786.75,729.2,0.382085130472478,42509127.05,0.9798542546170682,False,MA20 >= MA60
2024-04-25,30492037.0,23412746667.0,770.0,774.0,765.0,766.0,-17.0,64220.0,-0.02171136653895278,-0.02195052625021184,785.95,732.1666666666666,0.3899559697052241,41878564.2,0.7281060748496243,False,MA20 >= MA60
2024-04-26,34721905.0,27272338208.0,788.0,789.0,782.0,782.0,16.0,42824.0,0.02088772845953013,0.020672570804719882,786.1,734.7666666666667,0.3971644941298978,42628049.0,0.8145318825170723,False,MA20 >= MA60
2024-04-29,30704200.0,24322394064.0,790.0,795.0,787.0,795.0,13.0,35585.0,0.01662404092071612,0.016487374109020826,787.4,737.5833333333334,0.3978179117178231,42743589.1,0.7183346238933408,False,MA20 >= MA60
2024-04-30,41627249.0,33118845170.0,797.0,802.0,790.0,790.0,-5.0,40926.0,-0.0062893081761006275,-0.00630916919326472,787.95,740.2833333333333,0.39661049484135436,43814310.55,0.9500833968959943,False,MA20 >= MA60
2024-05-02,47536363.0,36983047647.0,789.0,789.0,772.0,772.0,-18.0,85051.0,-0.02278481012658229,-0.023048395436291017,788.05,742.7,0.4032735603139543,45073716.2,1.0546359831763772,False,MA20 >= MA60
2024-05-03,31026748.0,24240817990.0,788.0,788.0,773.0,780.0,8.0,35153.0,0.010362694300518172,0.010309369658861287,787.55,745.0,0.39386047144695957,44514099.85,0.6970094443008263,False,MA20 >= MA60
2024-05-06,33733509.0,26644713164.0,791.0,793.0,786.0,786.0,6.0,32394.0,0.007692307692307665,0.007662872745569097,787.85,747.3666666666667,0.3920400268284551,44555280.7,0.7571158450809625,False,MA20 >= MA60
2024-05-07,35917824.0,28623349239.0,797.0,800.0,792.0,800.0,14.0,38340.0,0.01781170483460559,0.017654935238720745,788.7,749.9,0.3966449421242737,44322792.9,0.8103691498195278,False,MA20 >= MA60
2024-05-08,22585765.0,18032263877.0,794.0,802.0,792.0,802.0,2.0,23525.0,0.0024999999999999467,0.002496880198587146,787.85,752.5666666666667,0.36014553332616667,42369952.5,0.5330608997024483,False,MA20 >= MA60
2024-05-09,22863681.0,18267303103.0,798.0,802.0,796.0,796.0,-6.0,23671.0,-0.007481296758104716,-0.007509422022131459,786.9,755.3666666666667,0.36065386894442153,41957663.25,0.5449226489037137,False,MA20 >= MA60
2024-05-10,27560431.0,22107595449.0,803.0,807.0,798.0,802.0,6.0,41029.0,0.007537688442211143,0.007509422022131568,786.0,758.2666666666667,0.36105243566974754,41947036.2,0.6570292801759376,False,MA20 >= MA60
2024-05-13,38146948.0,31315059679.0,823.0,825.0,818.0,819.0,17.0,49327.0,0.021197007481296826,0.020975475986554994,786.05,761.3333333333334,0.36933385821485243,42230725.85,0.903298421521211,False,MA20 >= MA60
2024-05-14,29663617.0,24309306615.0,816.0,825.0,811.0,825.0,6.0,34685.0,0.0073260073260073,0.007299302481611535,787.0,764.3166666666667,0.3657266013776342,41651349.65,0.7121886145170808,False,MA20 >= MA60
2024-05-15,41805778.0,35112739055.0,838.0,844.0,837.0,839.0,14.0,57892.0,0.01696969696969708,0.0168273201325253,789.55,766.6833333333333,0.3584037078058849,41035597.9,1.018768584824251,False,MA20 >= MA60
2024-05-16,46276890.0,39179826883.0,852.0,856.0,837.0,841.0,2.0,60617.0,0.0023837902264600697,0.0023809535057418754,791.4,769.3166666666667,0.3527858474017183,41518624.85,1.1146055575585856,False,MA20 >= MA60
2024-05-17,27855719.0,23373478247.0,848.0,848.0,834.0,835.0,-6.0,38718.0,-0.007134363852556502,-0.007159935122092595,792.95,771.9333333333333,0.35435954493060745,40623129.95,0.6857108015626944,False,MA20 >= MA60
2024-05-20,30148330.0,25069342221.0,834.0,838.0,822.0,835.0,0.0,43094.0,0.0,0.0,797.2,774.4,0.24278677179324457,34937118.45,0.8629312129203374,False,MA20 >= MA60
2024-05-21,20548110.0,17214095315.0,830.0,841.0,830.0,841.0,6.0,20770.0,0.007185628742514938,0.007159935122092541,802.15,777.0666666666667,0.2351778425772796,33346776.75,0.6161947871018748,False,MA20 >= MA60
2024-05-22,40904357.0,35027824713.0,845.0,865.0,843.0,864.0,23.0,63360.0,0.027348394768133222,0.026981108831107613,807.65,779.9333333333333,0.24450716613595447,33788610.5,1.210596008379806,False,MA20 >= MA60
2024-05-23,40771207.0,35638205695.0,875.0,877.0,867.0,875.0,11.0,50325.0,0.0127314814814814,0.012651117553558727,812.25,782.9,0.21590318005495257,33744533.4,1.2082314642406642,False,MA20 >= MA60
2024-05-24,37353467.0,32358555678.0,858.0,872.0,858.0,867.0,-8.0,50611.0,-0.00914285714285712,-0.009184909577072553,817.3,785.7166666666667,0.1986951891232356,34087604.9,1.0958079075834395,False,MA20 >= MA60
2024-05-27,32691921.0,28496096179.0,872.0,878.0,866.0,869.0,2.0,42682.0,0.0023068050749712743,0.0023041484848502955,821.65,788.5666666666667,0.19139781456949972,33986105.7,0.9619201825762579,False,MA20 >= MA60
2024-05-28,32712504.0,28375286215.0,867.0,873.0,865.0,865.0,-4.0,37323.0,-0.004602991944764101,-0.004613618333512721,825.15,791.4833333333333,0.1896482525905796,34086520.9,0.9596903155933406,False,MA20 >= MA60
2024-05-29,51073346.0,43924367680.0,861.0,868.0,856.0,857.0,-8.0,67680.0,-0.009248554913294793,-0.009291588334099527,828.5,794.2833333333333,0.19211380688184868,34558825.75,1.4778669382306775,False,MA20 >= MA60
2024-05-30,42535118.0,35840589611.0,841.0,848.0,838.0,838.0,-19.0,110390.0,-0.022170361726954524,-0.02241981811569678,831.8,796.1666666666666,0.19098034967814426,34308763.5,1.239774146917303,False,MA20 >= MA60
2024-05-31,90177283.0,74602358441.0,838.0,846.0,821.0,821.0,-17.0,102070.0,-0.02028639618138428,-0.020494991029654852,833.85,797.6833333333333,0.20804286090369786,37266290.25,2.4198084219021507,False,MA20 >= MA60
2024-06-03,29629706.0,25053781742.0,839.0,853.0,837.0,846.0,25.0,40694.0,0.030450669914738215,0.029996250153795145,836.85,799.5333333333333,0.22990049212671917,37061100.1,0.7994826359728053,False,MA20 >= MA60
2024-06-04,31031104.0,26107162214.0,844.0,851.0,837.0,839.0,-7.0,52392.0,-0.008274231678486954,-0.008308653139017057,838.8,800.85,0.22742392609358608,36816764.1,0.8428525634603503,False,MA20 >= MA60
2024-06-05,37531781.0,31774150536.0,841.0,857.0,835.0,854.0,15.0,41869.0,0.017878426698450633,0.017720487321363783,841.4,802.0166666666667,0.23390111101288766,37564064.9,0.9991405642577303,False,MA20 >= MA60
2024-06-06,67300344.0,60138015941.0,893.0,899.0,885.0,894.0,40.0,112332.0,0.04683840749414525,0.04577458138494433,846.3,804.15,0.2764539061344249,39785898.05,1.691562772201896,True,MA20 >= MA60
2024-06-07,44489018.0,39240336617.0,885.0,888.0,879.0,879.0,-15.0,85990.0,-0.016778523489932917,-0.016920877488337177,850.15,805.9666666666667,0.28785806710022244,40632327.4,1.0949168026245033,False,MA20 >= MA60
2024-06-11,57435637.0,51091497348.0,892.0,895.0,883.0,883.0,4.0,47589.0,0.004550625711035261,0.00454030291878301,853.35,807.7,0.2812308814317803,41596761.85,1.3807718304399696,False,MA20 >= MA60
2024-06-12,51874967.0,46791431521.0,888.0,914.0,888.0,909.0,26.0,74526.0,0.029445073612684114,0.0290198935735189,857.55,809.7833333333333,0.2953909856270954,42707329.35,1.214661927812632,False,MA20 >= MA60
2024-06-13,59656092.0,54980784829.0,923.0,935.0,911.0,919.0,0.0,98777.0,0.011001100110010986,0.010941028178208202,861.55,812.55,0.29293884305534884,43599845.05,1.368263853497342,False,MA20 >= MA60
2024-06-14,43289572.0,39603293460.0,916.0,922.0,905.0,922.0,3.0,62552.0,0.0032644178454841466,0.003259101200906703,865.6,815.1833333333333,0.2928621993482096,43450479.15,0.9962967692612891,False,MA20 >= MA60
2024-06-17,28796529.0,26475733502.0,913.0,925.0,913.0,921.0,-1.0,44582.0,-0.0010845986984815426,-0.0010851873012869635,869.9,817.8333333333334,0.2903779160230528,43497519.65,0.6620269208844418,False,MA20 >= MA60
2024-06-18,40870419.0,38583515635.0,944.0,950.0,940.0,943.0,22.0,55791.0,0.023887079261672106,0.02360624637815066,875.3,820.9166666666666,0.29714620681129594,44033624.1,0.9281638710269137,False,MA20 >= MA60
2024-06-19,76684138.0,74395758883.0,953.0,984.0,953.0,981.0,38.0,117235.0,0.040296924708377535,0.039506176931905605,882.3,824.2,0.32080929395033014,46840425.5,1.6371358112449257,False,MA20 >= MA60
2024-06-20,52144900.0,50859632569.0,971.0,981.0,971.0,981.0,0.0,107978.0,0.0,0.0,888.15,827.4666666666667,0.31344633421004453,47402452.65,1.1000464550856948,False,MA20 >= MA60
2024-06-21,97995843.0,94882220706.0,961.0,978.0,960.0,970.0,-11.0,131503.0,-0.011213047910295648,-0.01127638806793461,892.9,830.6333333333333,0.3186666732427207,50263684.45,1.949635090867279,False,MA20 >= MA60
2024-06-24,74081708.0,70162177693.0,958.0,960.0,940.0,940.0,-30.0,227255.0,-0.030927835051546393,-0.03141619623337893,896.55,833.2666666666667,0.3404507221552436,52100096.5,1.4219111475158208,False,MA20 >= MA60
2024-06-25,62079701.0,57978440842.0,925.0,945.0,923.0,945.0,5.0,103844.0,0.005319148936170137,0.005305052229693098,900.35,836.0333333333333,0.34038863855042684,53569485.5,1.1588631180712012,False,MA20 >= MA60
2024-06-26,48821135.0,46668874056.0,951.0,960.0,951.0,960.0,15.0,56563.0,0.015873015873015817,0.015748356968139112,905.1,839.2166666666667,0.3409513267184904,54374917.05,0.8978613237259183,False,MA20 >= MA60
2024-06-27,41276086.0,39447006518.0,951.0,961.0,949.0,960.0,0.0,41133.0,0.0,0.0,910.25,842.2333333333333,0.3372265582977971,53885054.05,0.7660024978670315,False,MA20 >= MA60
2024-06-28,42998776.0,41476565443.0,956.0,971.0,955.0,966.0,6.0,42853.0,0.006250000000000089,0.006230549750636163,916.65,845.5,0.3205221616601936,53908236.95,0.7976290532350641,False,MA20 >= MA60
2024-07-01,20936005.0,20320957284.0,968.0,977.0,965.0,968.0,2.0,38293.0,0.0020703933747412417,0.0020682530640590605,924.0,848.4666666666667,0.3043974387329898,50446173.05,0.4150167145335121,False,MA20 >= MA60
2024-07-02,27992930.0,26971516491.0,967.0,971.0,959.0,960.0,-8.0,38928.0,-0.008264462809917328,-0.008298802814695066,929.7,851.4666666666667,0.29823074510420167,50364334.25,0.5558085978273405,False,MA20 >= MA60
2024-07-03,25022531.0,24386705873.0,976.0,979.0,967.0,979.0,19.0,36096.0,0.019791666666666652,0.019598358068628446,936.7,854.7333333333333,0.296415970187099,50063905.6,0.4998118045348823,False,MA20 >= MA60
2024-07-04,47251502.0,47347126144.0,1000.0,1010.0,997.0,1005.0,26.0,92002.0,0.026557711950970342,0.02621117796266571,944.25,857.8333333333334,0.30183875824819184,50549891.65,0.9347498176091541,False,MA20 >= MA60
2024-07-05,21735614.0,21827958195.0,1005.0,1010.0,1000.0,1005.0,0.0,35802.0,0.0,0.0,949.8,861.0,0.26631072638425374,48271655.15,0.4502769572010418,False,MA20 >= MA60
2024-07-08,45678332.0,47210175550.0,1005.0,1050.0,1000.0,1035.0,30.0,74909.0,0.029850746268656803,0.029413885206293407,957.6,864.5833333333334,0.2648400102986015,48331120.85,0.9451122009308832,False,MA20 >= MA60
2024-07-09,54339957.0,56382512235.0,1030.0,1055.0,1025.0,1040.0,5.0,74954.0,0.004830917874396157,0.004819286435948922,965.45,868.2833333333333,0.26478877543733753,48176336.85,1.127938746550839,False,MA20 >= MA60
2024-07-10,51810372.0,53308027550.0,1020.0,1050.0,1015.0,1045.0,5.0,61199.0,0.004807692307692291,0.0047961722634930135,972.25,872.2666666666667,0.2529291585718545,48173107.1,1.0755040544187775,False,MA20 >= MA60
2024-07-11,49304453.0,52782475514.0,1065.0,1080.0,1055.0,1080.0,35.0,65005.0,0.03349282296650724,0.03294415571935406,980.3,877.1333333333333,0.2695652567075601,47655525.15,1.0346009795256659,False,MA20 >= MA60
2024-07-12,79472761.0,82222185037.0,1030.0,1045.0,1025.0,1040.0,-40.0,175230.0,-0.03703703703703709,-0.037740327982847086,986.2,881.0666666666667,0.313766982842507,49464684.6,1.6066565801978245,False,MA20 >= MA60
2024-07-15,44123104.0,45805242410.0,1040.0,1045.0,1025.0,1040.0,0.0,51387.0,0.0,0.0,992.15,885.0,0.31345532347514726,50231013.35,0.8784036207384217,False,MA20 >= MA60
2024-07-16,36244442.0,38188299315.0,1040.0,1070.0,1035.0,1055.0,15.0,42202.0,0.014423076923076872,0.014320053774748471,997.75,890.0833333333334,0.3081597605820991,49999714.5,0.7248929791389109,False,MA20 >= MA60
2024-07-17,62390596.0,64372740657.0,1035.0,1045.0,1020.0,1030.0,-25.0,140918.0,-0.023696682464455,-0.02398196468648544,1000.2,894.8833333333333,0.29666989414436984,49285037.4,1.265913536671071,False,MA20 >= MA60
2024-07-18,94327431.0,93948039256.0,988.0,1005.0,986.0,1005.0,-25.0,305207.0,-0.024271844660194164,-0.024571260730505317,1001.4,899.0666666666667,0.31163132767328816,51394163.95,1.8353724187782998,False,MA20 >= MA60
2024-07-19,110541544.0,108678133437.0,988.0,995.0,970.0,970.0,-35.0,475484.0,-0.03482587064676612,-0.03544674899574757,1001.4,902.1833333333333,0.3347166431434136,52021449.0,2.1249224334370234,False,MA20 >= MA60
2024-07-22,90266550.0,85567920175.0,964.0,965.0,938.0,939.0,-31.0,307235.0,-0.031958762886597936,-0.0324805922891656,1001.35,905.0666666666667,0.3360062493894298,52830691.1,1.708600590311036,False,MA20 >= MA60
2024-07-23,53439290.0,51686291065.0,963.0,979.0,956.0,979.0,40.0,96981.0,0.04259850905218321,0.04171616332224751,1003.05,908.35,0.3681198702980939,52398670.55,1.019859653672072,True,MA20 >= MA60
2024-07-26,95625050.0,88299582909.0,915.0,930.0,915.0,924.0,-55.0,357707.0,-0.0561797752808989,-0.05781957088882625,1001.25,910.5,0.4176817433866824,54738866.3,1.746931503402364,True,MA20 >= MA60
2024-07-29,44000914.0,41481319942.0,942.0,948.0,936.0,944.0,20.0,78605.0,0.02164502164502169,0.021414094503816573,1000.45,913.0666666666667,0.4257549541455243,54875107.7,0.8018374057787954,False,MA20 >= MA60
2024-07-30,45996400.0,42988422577.0,930.0,949.0,926.0,940.0,-4.0,86139.0,-0.004237288135593209,-0.004246290881451097,999.15,915.8666666666667,0.4251781544552025,55024988.9,0.8359183876182481,False,MA20 >= MA60
2024-07-31,47407263.0,44270020990.0,929.0,940.0,928.0,934.0,-6.0,62829.0,-0.006382978723404209,-0.006403437035206913,997.45,918.4333333333333,0.42542195202356825,56348551.8,0.8413217640138181,False,MA20 >= MA60
2024-08-01,50257642.0,48211390158.0,969.0,969.0,948.0,960.0,26.0,66845.0,0.027837259100642386,0.02745684623303929,997.45,921.3333333333334,0.43689030611471436,57461787.4,0.8746271961599301,False,MA20 >= MA60
2024-08-02,89044852.0,81488499047.0,918.0,928.0,903.0,903.0,-57.0,451562.0,-0.059374999999999956,-0.06121073104489645,993.65,923.05,0.47858137656379796,60662903.45,1.4678633388095768,True,MA20 >= MA60
2024-08-05,159662795.0,133482646539.0,852.0,857.0,813.0,815.0,-88.0,588373.0,-0.09745293466223703,-0.10253444017612276,984.15,923.2666666666667,0.5688749867746907,66283468.1,2.408787584245309,True,MA20 >= MA60
2024-08-06,108521787.0,94271532567.0,868.0,895.0,840.0,880.0,65.0,189677.0,0.07975460122699385,0.07673379423138943,977.9,924.6666666666666,0.6515293118604703,70622776.75,1.5366400472210264,True,MA20 >= MA60
2024-08-07,62643163.0,56900026373.0,901.0,920.0,893.0,920.0,40.0,109333.0,0.045454545454545414,0.044451762570833796,972.15,926.6333333333333,0.665070067630365,71471018.3,0.8764834262897301,True,MA20 >= MA60
2024-08-08,41288222.0,37045507217.0,901.0,905.0,887.0,896.0,-24.0,107303.0,-0.02608695652173909,-0.026433257068155483,964.95,927.9166666666666,0.6680392908310555,70818431.55,0.5830151995225882,False,MA20 >= MA60
2024-08-09,54464183.0,50586946042.0,927.0,934.0,922.0,934.0,38.0,94661.0,0.04241071428571419,0.041536025253912055,959.4,929.7333333333333,0.6895260725468808,70951122.1,0.7676296214630269,True,MA20 >= MA60
2024-08-12,40968742.0,38572439136.0,942.0,948.0,931.0,940.0,6.0,73731.0,0.0064239828693790635,0.006403437035207008,952.4,931.4166666666666,0.6762090347211067,70534336.55,0.5808340165070993,False,MA20 >= MA60
2024-08-13,26831364.0,25227760336.0,945.0,945.0,937.0,941.0,1.0,39633.0,0.0010638297872340718,0.0010632643213300838,947.45,933.0833333333334,0.6665056505136405,67902266.7,0.3951468088472516,False,MA20 >= MA60
2024-08-14,40527779.0,38507151446.0,951.0,955.0,945.0,948.0,7.0,56190.0,0.007438894792773709,0.0074113626696422335,942.85,934.9666666666667,0.6676410112486512,67722500.45,0.5984389048056774,False,MA20 >= MA60
2024-08-15,21714163.0,20528538286.0,945.0,950.0,941.0,943.0,-5.0,42553.0,-0.0052742616033755185,-0.005288219621564301,937.25,936.7666666666667,0.6641737937662956,66995986.5,0.32411140031500246,False,MA20 >= MA60
2024-08-16,49830670.0,48022581452.0,963.0,969.0,958.0,969.0,26.0,86023.0,0.0275715800636267,0.027198329257308713,934.2,938.9,0.6696911459509125,66367990.2,0.7508238512245923,False,MA20 < MA60
2024-08-19,22416274.0,21737948903.0,969.0,975.0,964.0,973.0,4.0,43467.0,0.0041279669762641635,0.004119470295238805,932.6,940.7166666666667,0.6648423296493972,62772432.35,0.3571037979700017,False,MA20 < MA60
2024-08-20,26420625.0,25701355510.0,977.0,977.0,968.0,973.0,0.0,43667.0,0.0,0.0,932.75,942.35,0.6525629531140394,58566386.4,0.4511226767441469,False,MA20 < MA60
2024-08-21,32606816.0,31287150192.0,961.0,964.0,956.0,958.0,-15.0,83432.0,-0.01541623843782114,-0.015536304215144485,933.7,943.8666666666667,0.6440787066369656,55683399.7,0.5855751655910477,False,MA20 < MA60
2024-08-22,25850379.0,24661701935.0,958.0,964.0,948.0,951.0,-7.0,58791.0,-0.007306889352818424,-0.007333715425470292,932.3,945.2333333333333,0.6262617437050431,54303954.15,0.4760312467964177,False,MA20 < MA60
2024-08-23,31203321.0,29530574857.0,944.0,952.0,939.0,949.0,-2.0,57023.0,-0.002103049421661396,-0.002105263935462427,933.55,946.6333333333333,0.5911559759943207,51082867.7,0.6108373003499175,False,MA20 < MA60
2024-08-26,26518126.0,25271527066.0,957.0,961.0,945.0,950.0,1.0,50970.0,0.0010537407797681642,0.0010531859846586405,933.85,948.1833333333333,0.5865833356632387,50208728.3,0.5281576908610928,False,MA20 < MA60
2024-08-27,19969925.0,18819208932.0,945.0,946.0,940.0,942.0,-8.0,53273.0,-0.008421052631578996,-0.008456710018223509,933.95,949.9166666666666,0.5872640173359682,48907404.55,0.4083210954198959,False,MA20 < MA60
2024-08-28,33519083.0,31994192847.0,945.0,964.0,943.0,964.0,22.0,45785.0,0.023354564755838636,0.02308602003418255,935.45,952.3,0.5919309542943302,48212995.55,0.6952292139831582,False,MA20 < MA60
2024-08-29,46275772.0,43616354135.0,942.0,947.0,937.0,943.0,-21.0,103424.0,-0.021784232365145262,-0.022025011977088154,934.6,953.9166666666666,0.58968712036539,48013902.05,0.9637994419160107,False,MA20 < MA60
2024-08-30,75533393.0,71355905880.0,944.0,952.0,941.0,944.0,1.0,34366.0,0.0010604453870626251,0.0010598835120432524,936.65,955.6666666666666,0.5467466196041684,47338329.1,1.5956075010683044,False,MA20 < MA60
2024-09-02,19272593.0,18270058260.0,950.0,955.0,943.0,948.0,4.0,31642.0,0.004237288135593209,0.004228336109521105,943.3,957.2333333333333,0.3985171002519348,40318819.0,0.4780048989034128,False,MA20 < MA60
2024-09-03,23205623.0,21908471541.0,948.0,952.0,939.0,940.0,-8.0,47139.0,-0.008438818565400852,-0.008474626990972232,946.3,958.0,0.2977719821311911,36053010.8,0.6436528457700958,False,MA20 < MA60
2024-09-04,93169835.0,83424133824.0,894.0,905.0,888.0,889.0,-51.0,393210.0,-0.05425531914893622,-0.05578263975014505,944.75,958.1666666666666,0.32076030759052493,37579344.4,2.4792831404477615,True,MA20 < MA60
2024-09-05,34147890.0,30998595394.0,907.0,915.0,900.0,902.0,13.0,63902.0,0.01462317210348707,0.014517284548719084,945.05,958.4833333333333,0.31182799844315906,37222327.8,0.9174033978605712,False,MA20 < MA60
2024-09-06,28248063.0,25786016936.0,909.0,918.0,903.0,918.0,16.0,38415.0,0.017738359201773912,0.01758287055786688,944.25,958.6333333333333,0.2783692834569904,35911521.8,0.786601669439695,False,MA20 < MA60
2024-09-09,38448946.0,34456838126.0,892.0,900.0,891.0,899.0,-19.0,102365.0,-0.020697167755991286,-0.020914356148870192,942.2,958.3,0.2856944164044317,35785532.0,1.074427117640727,False,MA20 < MA60
2024-09-10,34312646.0,31067424234.0,907.0,911.0,901.0,904.0,5.0,45141.0,0.005561735261401468,0.005546325920556135,940.35,958.0,0.28679309700241723,36159596.1,0.9489222696267893,False,MA20 < MA60
2024-09-11,19513256.0,17621000956.0,906.0,906.0,900.0,901.0,-3.0,30789.0,-0.0033185840707964376,-0.00332410278383856,938.0,957.6666666666666,0.2847082001527459,35108869.95,0.5557927676906046,False,MA20 < MA60
2024-09-12,43749260.0,40999951508.0,936.0,944.0,928.0,940.0,0.0,80643.0,0.04328523862375144,0.04237461765571172,937.85,957.6166666666667,0.32718091488934525,36210624.8,1.2081884872641027,True,MA20 < MA60
2024-09-13,28307441.0,26795862243.0,955.0,955.0,939.0,947.0,7.0,39071.0,0.007446808510638281,0.007419217922028647,936.75,957.05,0.3121778720714002,35134463.35,0.8056887255686517,False,MA20 < MA60
2024-09-16,14456888.0,13692259575.0,952.0,952.0,943.0,947.0,0.0,26421.0,0.0,0.0,935.45,956.4833333333333,0.3116284858596512,34736494.05,0.41618730949619254,False,MA20 < MA60
2024-09-18,30094662.0,28303054525.0,945.0,948.0,933.0,941.0,-6.0,46622.0,-0.006335797254487852,-0.006355953600698604,933.85,956.0,0.3121243952682797,34920195.9,0.8618125192132728,False,MA20 < MA60
2024-09-19,35254383.0,33482773635.0,940.0,960.0,936.0,960.0,19.0,53494.0,0.020191285866099973,0.019990144876502365,933.95,956.3333333333334,0.31660592029736784,35052574.25,1.0057573160978326,False,MA20 < MA60
2024-09-20,66762167.0,65105344444.0,981.0,982.0,971.0,973.0,13.0,67911.0,0.013541666666666563,0.013450797724123038,935.05,956.8,0.3186097433518045,37098163.65,1.7996084019107508,False,MA20 < MA60
2024-09-23,15399658.0,15013916758.0,971.0,977.0,971.0,977.0,4.0,26106.0,0.004110996916752319,0.004102569856777684,936.45,957.0833333333334,0.3184833812899703,36307980.5,0.42413975627204054,False,MA20 < MA60
2024-09-24,29324170.0,28726805585.0,976.0,987.0,971.0,987.0,10.0,63433.0,0.010235414534288667,0.010183387390698871,938.3,957.5333333333333,0.31992064217653926,36448282.7,0.8045418831214234,False,MA20 < MA60
2024-09-25,43039991.0,43053012337.0,1000.0,1005.0,998.0,1005.0,18.0,82005.0,0.01823708206686936,0.0180727810596946,941.45,958.1833333333333,0.3222713092504448,37601786.0,1.1446262419556348,False,MA20 < MA60
2024-09-26,43341810.0,43835515361.0,1010.0,1015.0,1005.0,1015.0,10.0,78670.0,0.00995024875621886,0.009901070982711537,944.0,958.9666666666667,0.3147088206690073,38092922.35,1.1377916769360175,False,MA20 < MA60
2024-09-27,37665070.0,38074974690.0,1020.0,1025.0,1000.0,1000.0,-15.0,52093.0,-0.014778325123152691,-0.014888612493750637,946.85,959.6333333333333,0.30837801156219447,37662387.25,1.000071231544145,False,MA20 < MA60
2024-09-30,66874949.0,65017701862.0,978.0,990.0,957.0,957.0,-43.0,166934.0,-0.04300000000000004,-0.04395188752918283,947.5,959.2666666666667,0.3492342252337393,37229465.05,1.7962908924472984,True,MA20 < MA60
2024-10-01,27877267.0,27093881327.0,967.0,977.0,967.0,972.0,15.0,37862.0,0.01567398119122254,0.015552413007484785,948.7,958.7166666666667,0.3530155189477719,37659698.75,0.7402413700932751,False,MA20 < MA60
2024-10-04,43765757.0,42845984122.0,986.0,986.0,967.0,977.0,5.0,43935.0,0.005144032921810648,0.0051308475823436134,950.55,958.25,0.3512373852763124,38687705.45,1.131257501341424,False,MA20 < MA60
2024-10-07,43850831.0,43905376215.0,993.0,1010.0,989.0,1005.0,28.0,79851.0,0.028659160696008268,0.028256168450393464,956.35,957.75,0.29307431654745564,36221755.25,1.210621370978426,False,MA20 < MA60
2024-10-08,35344059.0,35503172585.0,1000.0,1010.0,997.0,1010.0,5.0,42227.0,0.004975124378109541,0.004962789342129097,961.75,957.25,0.2914425229524262,36281563.7,0.9741603005936593,False,MA20 >= MA60
2024-10-09,53208610.0,54663169800.0,1030.0,1035.0,1020.0,1020.0,10.0,80835.0,0.00990099009900991,0.00985229644301164,966.85,956.8333333333334,0.28850858831206816,37529591.05,1.4177775059981637,False,MA20 >= MA60
2024-10-11,47776351.0,49706577415.0,1025.0,1050.0,1020.0,1045.0,25.0,89915.0,0.02450980392156854,0.02421425812059453,974.15,956.25,0.27864923169773553,37995961.3,1.2574060338354962,False,MA20 >= MA60
2024-10-14,39906157.0,41745442865.0,1045.0,1055.0,1035.0,1045.0,0.0,49228.0,0.0,0.0,981.2,956.3333333333334,0.2799116729873352,38275636.85,1.0425994257493327,False,MA20 >= MA60
2024-10-15,52066470.0,55504081569.0,1050.0,1075.0,1050.0,1070.0,25.0,88895.0,0.02392344497607657,0.023641763057040494,989.65,956.8333333333334,0.28273711589769407,39903297.55,1.3048162231394334,False,MA20 >= MA60
2024-10-16,60312846.0,63228552464.0,1040.0,1070.0,1035.0,1045.0,-25.0,69585.0,-0.02336448598130836,-0.023641763057040424,994.9,956.6666666666666,0.2737038993340346,40731476.85,1.480742920815551,False,MA20 >= MA60
2024-10-17,56618332.0,58862054838.0,1050.0,1055.0,1030.0,1035.0,-10.0,58589.0,-0.009569377990430672,-0.00961545869944198,999.3,956.75,0.278677829977154,42147021.4,1.3433531034769637,False,MA20 >= MA60
2024-10-18,91036335.0,99230303460.0,1095.0,1100.0,1075.0,1085.0,50.0,132797.0,0.048309178743961345,0.04717856027509047,1006.2,958.0833333333334,0.3180752221896166,45975993.75,1.9800841172682646,True,MA20 >= MA60
2024-10-21,42094031.0,45813114865.0,1090.0,1095.0,1080.0,1085.0,0.0,43553.0,0.0,0.0,1013.4,960.0,0.3153311157160416,46575962.2,0.9037715811268843,False,MA20 >= MA60
2024-10-22,43740591.0,46707090730.0,1065.0,1075.0,1060.0,1075.0,-10.0,56089.0,-0.009216589861751112,-0.009259325412796712,1019.15,962.2666666666667,0.3167010860173349,47000272.6,0.9306454745966728,False,MA20 >= MA60
2024-10-23,32895421.0,34912308143.0,1060.0,1070.0,1055.0,1060.0,-15.0,40549.0,-0.013953488372092981,-0.014051753455650302,1023.5,963.6166666666667,0.32283730957504425,45306935.3,0.7260570767407435,False,MA20 >= MA60
2024-10-24,40791484.0,43477824029.0,1070.0,1075.0,1055.0,1060.0,0.0,42113.0,0.0,0.0,1027.65,965.8833333333333,0.3232304354158513,46576526.6,0.8757948902097822,False,MA20 >= MA60
2024-10-25,23347890.0,24867260319.0,1065.0,1070.0,1060.0,1065.0,5.0,25884.0,0.004716981132075526,0.004705891037412714,1031.55,967.9,0.32247498010052167,46277712.6,0.5045169410555524,False,MA20 >= MA60
2024-10-28,41665065.0,44216316045.0,1075.0,1080.0,1050.0,1050.0,-15.0,55098.0,-0.014084507042253502,-0.014184634991956413,1033.8,969.7333333333333,0.3239625108117911,46208966.3,0.9016662422071969,False,MA20 >= MA60
2024-10-29,48097705.0,49680152085.0,1035.0,1040.0,1020.0,1040.0,-10.0,93617.0,-0.00952380952380949,-0.009569451016150672,1035.05,971.5,0.3253069083481991,46446761.05,1.035544867126962,False,MA20 >= MA60
2024-10-30,40765247.0,42368799669.0,1040.0,1055.0,1030.0,1030.0,-10.0,46750.0,-0.009615384615384581,-0.009661910911736859,1036.55,972.6666666666666,0.32240124218715605,46601769.9,0.8747574842645622,False,MA20 >= MA60
2024-11-01,61545741.0,62269386415.0,996.0,1030.0,996.0,1025.0,-5.0,77404.0,-0.004854368932038833,-0.004866189651172899,1039.95,974.7,0.2776192691770102,46335309.5,1.3282686932305912,False,MA20 >= MA60
2024-11-04,28225506.0,29263376605.0,1030.0,1045.0,1025.0,1040.0,15.0,33492.0,0.014634146341463428,0.014528100562909808,1043.35,978.45,0.27704248164772294,46352721.45,0.6089287773630818,False,MA20 >= MA60
2024-11-05,33407780.0,34851674542.0,1030.0,1055.0,1030.0,1050.0,10.0,28872.0,0.009615384615384581,0.009569451016150672,1047.0,981.2833333333333,0.27784157450189406,45834822.6,0.7288733348342882,False,MA20 >= MA60
2024-11-06,59404980.0,63110184620.0,1050.0,1080.0,1040.0,1060.0,10.0,58611.0,0.00952380952380949,0.009478743954543739,1049.75,983.6166666666667,0.26299715991461314,46612530.05,1.2744422998768332,False,MA20 >= MA60
2024-11-07,46030563.0,48979606039.0,1050.0,1075.0,1050.0,1065.0,5.0,41583.0,0.004716981132075526,0.004705891037412714,1052.5,986.4333333333333,0.26297039064926625,47146855.25,0.9763230814848463,False,MA20 >= MA60
2024-11-08,38840413.0,42224017162.0,1085.0,1090.0,1080.0,1090.0,25.0,58203.0,0.023474178403755763,0.023202897079663793,1056.0,989.0333333333333,0.27209813384596954,46428445.4,0.8365650123620121,False,MA20 >= MA60
2024-11-11,36630666.0,39467913757.0,1080.0,1090.0,1070.0,1085.0,-5.0,48859.0,-0.004587155963302725,-0.0045977092486294314,1058.0,991.45,0.2616478731964404,45871161.15,0.7985554557953456,False,MA20 >= MA60
2024-11-12,54098799.0,57135037210.0,1060.0,1065.0,1050.0,1050.0,-35.0,92756.0,-0.032258064516129004,-0.03278982282299084,1058.25,993.2666666666667,0.2885975192793366,46580793.25,1.161397117254975,False,MA20 >= MA60
2024-11-13,46420969.0,48395649023.0,1045.0,1050.0,1035.0,1035.0,-15.0,75428.0,-0.014285714285714235,-0.014388737452099556,1056.5,994.7166666666667,0.2789908445446236,46298518.2,1.0026448103472996,False,MA20 >= MA60
2024-11-14,49328914.0,50864201443.0,1030.0,1040.0,1025.0,1035.0,0.0,62545.0,0.0,0.0,1056.0,996.25,0.2667830100965785,45749321.6,1.0782436170594494,False,MA20 >= MA60
2024-11-15,37405855.0,38824519360.0,1040.0,1045.0,1030.0,1035.0,0.0,38669.0,0.0,0.0,1056.0,997.35,0.2645490664516104,44788697.75,0.8351628173873397,False,MA20 >= MA60
2024-11-18,33583180.0,34422999050.0,1030.0,1035.0,1020.0,1025.0,-10.0,56311.0,-0.009661835748792313,-0.009708814126960938,1053.0,998.2166666666667,0.19555882393163163,41916040.0,0.801201163086971,False,MA20 >= MA60
2024-11-19,25497606.0,26433399155.0,1030.0,1045.0,1025.0,1040.0,15.0,26315.0,0.014634146341463428,0.014528100562909808,1050.75,999.3333333333334,0.20497840471981846,41086218.75,0.6205877974594584,False,MA20 >= MA60
2024-11-20,40203197.0,41541948790.0,1045.0,1050.0,1020.0,1025.0,-15.0,53280.0,-0.014423076923076872,-0.014528100562909744,1048.25,1000.45,0.2082051103294753,40909349.05,0.9827386143657058,False,MA20 >= MA60
2024-11-21,44679981.0,45374625920.0,1020.0,1025.0,1010.0,1010.0,-15.0,67481.0,-0.014634146341463428,-0.014742281737203431,1045.75,1001.4333333333333,0.208723920207305,41498577.05,1.0766629647606194,False,MA20 >= MA60
2024-11-22,32509453.0,33754431973.0,1035.0,1050.0,1035.0,1040.0,30.0,28859.0,0.02970297029702973,0.029270382300113237,1044.75,1002.95,0.23773631015801117,41084475.5,0.7912831453817635,False,MA20 >= MA60
2024-11-25,54443912.0,56293841760.0,1045.0,1050.0,1030.0,1030.0,-10.0,34710.0,-0.009615384615384581,-0.009661910911736859,1043.0,1004.2833333333333,0.23873006246967757,42639276.6,1.2768488666151525,False,MA20 >= MA60
2024-11-26,31309332.0,31750783325.0,1015.0,1020.0,1010.0,1010.0,-20.0,79568.0,-0.01941747572815533,-0.019608471388376313,1041.0,1005.4166666666666,0.24314988143628785,42121489.95,0.7433101734332168,False,MA20 >= MA60
2024-11-27,34602143.0,34822499480.0,1010.0,1020.0,1000.0,1000.0,-10.0,111382.0,-0.00990099009900991,-0.009950330853168092,1039.0,1006.0166666666667,0.24331183320621572,41446711.85,0.834858579981659,False,MA20 >= MA60
2024-11-28,37166049.0,37181706464.0,1005.0,1005.0,992.0,1005.0,5.0,82426.0,0.004999999999999893,0.004987541511038968,1037.75,1007.05,0.24265328507730277,41266751.95,0.9006293745878393,False,MA20 >= MA60
2024-11-29,43621329.0,43637043385.0,995.0,1010.0,994.0,996.0,-9.0,47567.0,-0.008955223880596996,-0.008995562908577873,1036.3,1007.9166666666666,0.24392433816324485,40370531.35,1.0805240243636278,False,MA20 >= MA60
2024-12-02,33333423.0,34325585125.0,1020.0,1040.0,1015.0,1035.0,39.0,42112.0,0.03915662650602414,0.03840944811487126,1036.05,1009.3666666666667,0.2783080414055569,40625927.2,0.8204963011896501,False,MA20 >= MA60
2024-12-03,48632084.0,51509603939.0,1060.0,1065.0,1055.0,1055.0,20.0,55988.0,0.019323671497584627,0.019139340210697506,1036.3,1011.2833333333333,0.2848574850794167,41387142.4,1.175052955576851,False,MA20 >= MA60
2024-12-04,35431584.0,37738286825.0,1065.0,1070.0,1055.0,1070.0,15.0,45553.0,0.014218009478673022,0.014117881545785022,1036.8,1014.3,0.28733050012477745,40188472.6,0.8816354966423879,False,MA20 >= MA60
2024-12-05,41293183.0,44420331699.0,1070.0,1080.0,1070.0,1075.0,5.0,51311.0,0.004672897196261738,0.004662013105811371,1037.3,1017.1833333333333,0.28732221452551143,39951603.6,1.0335801139156275,False,MA20 >= MA60
2024-12-06,32090124.0,34306935479.0,1075.0,1080.0,1060.0,1065.0,-10.0,33697.0,-0.009302325581395321,-0.009345862418237658,1036.05,1019.6333333333333,0.27608291985021355,39614089.15,0.8100684551521489,False,MA20 >= MA60
2024-12-09,30255281.0,32409791931.0,1070.0,1075.0,1065.0,1075.0,10.0,25230.0,0.009389671361502261,0.009345862418237599,1035.55,1022.5666666666667,0.27813563776972766,39295319.9,0.7699461685766809,False,MA20 >= MA60
2024-12-10,32359253.0,34496134808.0,1070.0,1075.0,1060.0,1065.0,-10.0,31326.0,-0.009302325581395321,-0.009345862418237658,1036.3,1025.25,0.25406650401458647,38208342.6,0.8469159036487491,False,MA20 >= MA60
2024-12-11,26948940.0,28278772503.0,1045.0,1060.0,1045.0,1045.0,-20.0,47194.0,-0.018779342723004744,-0.01895791374461416,1036.8,1027.65,0.25808137786535434,37234741.15,0.7237579520544082,False,MA20 >= MA60
2024-12-12,26574460.0,28185087817.0,1060.0,1065.0,1055.0,1060.0,0.0,25096.0,0.014354066985645897,0.014252022707201413,1038.05,1029.65,0.2626244852163016,36097018.45,0.7361954294593547,False,MA20 >= MA60
2024-12-13,24329785.0,25873117992.0,1060.0,1070.0,1055.0,1065.0,5.0,25787.0,0.004716981132075526,0.004705891037412714,1039.55,1031.6166666666666,0.2628429765296521,35443214.95,0.6864440777825094,False,MA20 >= MA60
2024-12-16,43679921.0,47253709874.0,1085.0,1085.0,1075.0,1085.0,20.0,53568.0,0.018779342723004744,0.018605187831034486,1042.55,1033.9166666666667,0.26610759283029173,35948052.0,1.2150845058308026,False,MA20 >= MA60
2024-12-17,40033595.0,43428037809.0,1090.0,1095.0,1075.0,1075.0,-10.0,42830.0,-0.009216589861751112,-0.009259325412796712,1044.3,1036.15,0.2657219887693795,36674851.45,1.0915816538365282,False,MA20 >= MA60
2024-12-18,47331164.0,51170937776.0,1075.0,1090.0,1070.0,1085.0,10.0,40248.0,0.009302325581395321,0.009259325412796726,1047.3,1038.2333333333333,0.2598038035248028,37031249.8,1.2781411444557835,False,MA20 >= MA60
2024-12-19,46126529.0,49061396399.0,1065.0,1070.0,1055.0,1070.0,-15.0,62146.0,-0.01382488479262678,-0.01392133851860812,1050.3,1039.85,0.2590912293923089,37103577.2,1.2431828001748575,False,MA20 >= MA60
2024-12-20,56392109.0,58923043065.0,1060.0,1060.0,1035.0,1035.0,-35.0,85875.0,-0.032710280373831724,-0.03325722175648235,1050.05,1040.8166666666666,0.26837700022124455,38297710.0,1.4724668655123243,False,MA20 >= MA60
2024-12-23,32800319.0,35200907996.0,1065.0,1080.0,1060.0,1080.0,45.0,39942.0,0.04347826086956519,0.0425596144187959,1052.55,1042.3666666666666,0.30684094312478166,37215530.35,0.8813610525370358,True,MA20 >= MA60
2024-12-24,30069757.0,32689957470.0,1095.0,1095.0,1080.0,1080.0,0.0,36423.0,0.0,0.0,1056.05,1043.6166666666666,0.29595206201332247,37153551.6,0.8093373501337083,False,MA20 >= MA60
2024-12-25,16186220.0,17591123835.0,1090.0,1090.0,1080.0,1085.0,5.0,28032.0,0.004629629629629539,0.004618945856294458,1060.3,1044.7833333333333,0.29167608379662,36232755.45,0.44672892798165587,False,MA20 >= MA60
2024-12-26,15017636.0,16328335510.0,1085.0,1090.0,1085.0,1085.0,0.0,23380.0,0.0,0.0,1064.3,1046.2,0.2920445228854793,35125334.8,0.42754428065978184,False,MA20 >= MA60
2024-12-27,26151993.0,28531251520.0,1080.0,1095.0,1080.0,1090.0,5.0,40184.0,0.004608294930875667,0.004597709248629549,1069.0,1048.4166666666667,0.28800711970018583,34251868.0,0.763520196913056,False,MA20 >= MA60
2024-12-30,27437455.0,29944447716.0,1090.0,1095.0,1085.0,1090.0,0.0,28373.0,0.0,0.0,1071.75,1050.3833333333334,0.2577813431026561,33957069.6,0.8080042042261503,False,MA20 >= MA60
2024-12-31,29239004.0,31511634720.0,1080.0,1085.0,1075.0,1075.0,-15.0,32969.0,-0.013761467889908285,-0.013857034661426241,1072.75,1052.0166666666667,0.2562595154005159,32987415.6,0.8863684368168568,False,MA20 >= MA60
2025-01-02,45045125.0,47883206644.0,1070.0,1075.0,1055.0,1065.0,-10.0,74997.0,-0.009302325581395321,-0.009345862418237658,1072.5,1053.0166666666667,0.2538337684847427,33468092.65,1.3459125224454642,False,MA20 >= MA60
2025-01-03,31244211.0,33728652860.0,1080.0,1085.0,1075.0,1075.0,10.0,28227.0,0.009389671361502261,0.009345862418237599,1072.5,1054.1,0.2555597029102088,32965644.05,0.9477809974715176,False,MA20 >= MA60
2025-01-06,77874801.0,86585128825.0,1100.0,1125.0,1095.0,1125.0,50.0,130021.0,0.04651162790697683,0.04546237407675741,1075.5,1055.85,0.3010125038282515,35254877.9,2.2089085436883615,True,MA20 >= MA60
2025-01-07,54691485.0,62664127156.0,1150.0,1160.0,1130.0,1130.0,5.0,70657.0,0.004444444444444473,0.004434597067865775,1078.25,1057.2666666666667,0.30011177961026775,36476688.1,1.4993544603080342,False,MA20 >= MA60
2025-01-08,49181518.0,54760296689.0,1110.0,1130.0,1105.0,1105.0,-25.0,71736.0,-0.02212389380530977,-0.022372297754533095,1080.25,1058.2666666666667,0.31017562493066053,37317801.35,1.3179103864863677,False,MA20 >= MA60
2025-01-09,29916198.0,33052210793.0,1100.0,1115.0,1100.0,1100.0,-5.0,51544.0,-0.004524886877828038,-0.004535155165391262,1083.0,1058.7666666666667,0.3015007194720461,37466164.25,0.798485743039468,False,MA20 >= MA60
2025-01-10,24475751.0,26996697889.0,1100.0,1110.0,1100.0,1100.0,0.0,38027.0,0.0,0.0,1085.0,1059.6833333333334,0.2984554477037524,37361228.8,0.6551109742942931,False,MA20 >= MA60
2025-01-13,62629547.0,68093421797.0,1110.0,1115.0,1070.0,1075.0,-25.0,118516.0,-0.022727272727272707,-0.02298951822469872,1085.5,1060.35,0.3108090831913151,39276216.9,1.59459214616976,False,MA20 >= MA60
2025-01-14,31280235.0,33915048410.0,1085.0,1090.0,1075.0,1090.0,15.0,32218.0,0.013953488372093092,0.013857034661426279,1085.75,1060.4333333333334,0.30752990554831944,38656232.6,0.8091899519458086,False,MA20 >= MA60
2025-01-15,37966582.0,40677529813.0,1085.0,1085.0,1065.0,1065.0,-25.0,74906.0,-0.022935779816513735,-0.02320289707966387,1085.25,1060.1,0.31693552506656436,38552881.95,0.9847923184896946,False,MA20 >= MA60
2025-01-16,49872673.0,54934128041.0,1095.0,1115.0,1090.0,1105.0,40.0,54389.0,0.03755868544600949,0.036870535808327796,1086.25,1060.6,0.34306018553838036,38679957.4,1.2893673197271929,False,MA20 >= MA60
2025-01-17,60857371.0,67663576840.0,1125.0,1125.0,1095.0,1120.0,15.0,48829.0,0.013574660633484115,0.013483350337286988,1088.75,1061.6,0.34099546550933313,39416499.5,1.543956763588304,False,MA20 >= MA60
2025-01-20,32062171.0,36076248367.0,1125.0,1135.0,1120.0,1120.0,0.0,37780.0,0.0,0.0,1093.0,1062.6,0.31496878829730474,38200002.6,0.839323791040789,False,MA20 >= MA60
2025-01-21,24368832.0,27256307475.0,1115.0,1125.0,1110.0,1120.0,0.0,28262.0,0.0,0.0,1095.0,1063.5166666666667,0.27866249590850956,37778428.25,0.6450462109947626,False,MA20 >= MA60
2025-01-22,45996696.0,52510666410.0,1140.0,1150.0,1135.0,1135.0,15.0,59434.0,0.013392857142857206,0.013303965626362886,1097.75,1064.9333333333334,0.2814512927337505,38574775.2,1.192403475108262,False,MA20 >= MA60
2025-02-03,113031525.0,120769676393.0,1065.0,1075.0,1060.0,1070.0,-65.0,247531.0,-0.05726872246696035,-0.05897400245955119,1097.0,1065.4333333333334,0.35244075523171986,43417040.45,2.603390830615678,True,MA20 >= MA60
2025-02-04,57904652.0,63132252012.0,1085.0,1100.0,1080.0,1095.0,25.0,59315.0,0.02336448598130847,0.023095714794649395,1097.5,1066.5166666666667,0.36246136472377305,45561391.25,1.2709149218528308,False,MA20 >= MA60
2025-02-05,43082532.0,47931709801.0,1110.0,1120.0,1105.0,1110.0,15.0,51245.0,0.013698630136986356,0.013605652055778678,1098.5,1067.9333333333334,0.3651848790999478,46407918.2,0.9283444220516661,False,MA20 >= MA60
2025-02-06,33768196.0,37638807097.0,1120.0,1120.0,1105.0,1115.0,5.0,32994.0,0.0045045045045044585,0.004494389587839267,1099.75,1069.1833333333334,0.3653447507951033,46724455.25,0.7227092497777168,False,MA20 >= MA60
2025-02-07,31107545.0,34745052940.0,1110.0,1125.0,1105.0,1125.0,10.0,35637.0,0.008968609865470878,0.008928630744301398,1102.25,1070.4333333333334,0.3617356758946746,46817882.3,0.6644372507211844,False,MA20 >= MA60
2025-02-10,31037109.0,34425517969.0,1125.0,1125.0,1095.0,1105.0,-20.0,60839.0,-0.01777777777777778,-0.017937700686667318,1104.25,1071.1833333333334,0.3666287077427465,46117481.5,0.673000953011712,False,MA20 >= MA60
2025-02-11,21023057.0,23294288731.0,1110.0,1115.0,1100.0,1110.0,5.0,31837.0,0.004524886877828038,0.004514680354526613,1106.0,1071.9333333333334,0.36575145905915846,45606423.8,0.4609670140371761,False,MA20 >= MA60
2025-02-12,26190392.0,28966591975.0,1110.0,1115.0,1100.0,1100.0,-10.0,38511.0,-0.009009009009009028,-0.009049835519917927,1104.75,1072.1,0.3268770149102814,43022203.35,0.6087645439014922,False,MA20 >= MA60
2025-02-13,35681521.0,38806197999.0,1090.0,1095.0,1080.0,1090.0,-10.0,72456.0,-0.009090909090909038,-0.009132483563272474,1102.75,1072.1833333333334,0.32746180063801644,42071705.15,0.8481120713501673,False,MA20 >= MA60
2025-02-14,73417323.0,78100130074.0,1065.0,1070.0,1060.0,1060.0,-30.0,218986.0,-0.02752293577981646,-0.0279087881170765,1100.5,1072.35,0.3324732649189059,43283495.4,1.6961967216723446,False,MA20 >= MA60
2025-02-17,37215861.0,40057489554.0,1065.0,1085.0,1065.0,1085.0,25.0,57081.0,0.02358490566037741,0.023311078868447146,1099.75,1073.1833333333334,0.34425537811361334,43648478.55,0.852626763550731,False,MA20 >= MA60
2025-02-18,24018940.0,26204727000.0,1085.0,1100.0,1080.0,1100.0,15.0,30650.0,0.01382488479262678,0.013730192811902037,1099.75,1074.2666666666667,0.34797814084246553,43625638.0,0.5505693693236073,False,MA20 >= MA60
2025-02-19,28756849.0,31328641002.0,1090.0,1095.0,1085.0,1090.0,-10.0,33952.0,-0.009090909090909038,-0.009132483563272474,1100.5,1075.1833333333334,0.3393040979196295,41932003.1,0.6857971686070012,False,MA20 >= MA60
2025-02-20,31108197.0,33537160793.0,1080.0,1085.0,1070.0,1080.0,-10.0,43395.0,-0.00917431192660545,-0.009216655104923952,1100.0,1076.1,0.33744111183838155,41923401.2,0.7420246475612765,False,MA20 >= MA60
2025-02-21,31480715.0,34322859039.0,1085.0,1095.0,1080.0,1095.0,15.0,29895.0,0.01388888888888884,0.01379332213233577,1101.5,1077.0166666666667,0.3298281897153153,41599107.85,0.7567641862300178,False,MA20 >= MA60
2025-02-24,33837606.0,36461265148.0,1080.0,1085.0,1075.0,1075.0,-20.0,47924.0,-0.0182648401826484,-0.01843370168883802,1100.0,1077.85,0.3078971246981386,40797354.5,0.8294068675457866,False,MA20 >= MA60
2025-02-25,53174277.0,56084293935.0,1055.0,1060.0,1050.0,1055.0,-20.0,178967.0,-0.018604651162790753,-0.01877989465159636,1096.75,1078.6,0.3086128170492818,40413199.8,1.315765078319782,False,MA20 >= MA60
2025-02-26,42921499.0,45208281264.0,1045.0,1060.0,1045.0,1060.0,5.0,75535.0,0.004739336492890933,0.004728141195945896,1093.75,1078.9333333333334,0.3096404600703147,40956166.2,1.0479862492598244,False,MA20 >= MA60
2025-02-27,61646900.0,64595715596.0,1065.0,1065.0,1040.0,1040.0,-20.0,121377.0,-0.018867924528301883,-0.019048194970694474,1089.75,1079.1,0.31476772512747414,42820069.6,1.4396730452768811,False,MA20 >= MA60
2025-03-03,73279419.0,74076141634.0,1000.0,1020.0,1000.0,1020.0,-20.0,208673.0,-0.019230769230769273,-0.019418085857101627,1084.0,1079.2666666666667,0.3128295161615073,44184205.75,1.6584980482533627,False,MA20 >= MA60
2025-03-04,70879417.0,71031410815.0,996.0,1010.0,996.0,1000.0,-20.0,184239.0,-0.019607843137254943,-0.019802627296179754,1080.5,1079.2666666666667,0.25230293789574826,42076600.35,1.6845328855091306,False,MA20 >= MA60
2025-03-05,45086222.0,46126315408.0,1020.0,1030.0,1015.0,1020.0,20.0,63259.0,0.020000000000000018,0.01980262729617973,1076.75,1079.5166666666667,0.24783762907055215,41435678.85,1.0881014442460377,False,MA20 < MA60
2025-03-06,49318590.0,49937586396.0,1020.0,1025.0,1005.0,1005.0,-15.0,99898.0,-0.014705882352941124,-0.014815085785140587,1071.5,1079.6666666666667,0.24225402416796749,41747481.75,1.1813548490263128,False,MA20 < MA60
2025-03-07,50358724.0,50550677397.0,1005.0,1010.0,1000.0,1005.0,0.0,95905.0,0.0,0.0,1066.0,1079.1666666666667,0.2404692295754465,42577008.15,1.1827680287582631,False,MA20 < MA60
2025-03-10,55410836.0,55278923810.0,1005.0,1005.0,992.0,998.0,-7.0,189791.0,-0.006965174129353269,-0.006989544181712186,1059.65,1078.2166666666667,0.23471352894288314,43792172.7,1.2653136983998055,False,MA20 < MA60
2025-03-11,58764791.0,57064143987.0,969.0,979.0,963.0,971.0,-27.0,323403.0,-0.027054108216432837,-0.027426808020139033,1052.95,1076.5666666666666,0.24311601938857705,45178556.8,1.300723067807248,False,MA20 < MA60
2025-03-12,38527201.0,37951553847.0,980.0,995.0,976.0,988.0,17.0,132537.0,0.01750772399588052,0.017356229456542888,1046.85,1075.1166666666666,0.25488804245247504,46053764.0,0.8365700792664852,False,MA20 < MA60
2025-03-13,42915696.0,42199819801.0,1000.0,1005.0,965.0,965.0,-23.0,192169.0,-0.023279352226720618,-0.023554596408881856,1040.1,1073.45,0.2622844832162332,46890029.2,0.9152414006174259,False,MA20 < MA60
2025-03-14,42394920.0,40803705615.0,965.0,969.0,955.0,959.0,-6.0,163735.0,-0.006217616580310836,-0.006237026455547661,1033.55,1071.5166666666667,0.26209110967012733,47225699.15,0.8977086790254539,False,MA20 < MA60
2025-03-17,35012870.0,34177107575.0,977.0,985.0,968.0,970.0,11.0,77808.0,0.011470281543274341,0.011404996613990382,1029.05,1069.9333333333334,0.2566090382106657,45305476.5,0.7728176084849256,False,MA20 < MA60
2025-03-18,25716157.0,24986151171.0,976.0,978.0,968.0,971.0,0.0,64687.0,0.0010309278350515427,0.0010303967938964016,1023.35,1068.7,0.23574002959281215,44730491.3,0.5749133589328584,False,MA20 < MA60
2025-03-19,43493556.0,41620146409.0,965.0,967.0,950.0,952.0,-19.0,234877.0,-0.019567456230690006,-0.019761433499959593,1015.95,1066.9,0.229275820616278,45704222.1,0.951631031042097,False,MA20 < MA60
2025-03-20,31993556.0,31303215198.0,978.0,985.0,971.0,985.0,33.0,61507.0,0.034663865546218586,0.03407660638072366,1010.7,1065.5666666666666,0.2727246458307473,45866057.45,0.6975431894244923,False,MA20 < MA60
2025-03-21,46869716.0,45683124466.0,985.0,987.0,970.0,972.0,-13.0,63137.0,-0.013197969543147225,-0.013285836711649823,1005.3,1063.6833333333334,0.2739300249399825,46654133.4,1.0046208681694215,False,MA20 < MA60
2025-03-24,16866075.0,16480791636.0,986.0,987.0,972.0,972.0,0.0,37815.0,0.0,0.0,999.15,1061.9666666666667,0.26545709822030994,45923401.4,0.3672653698512846,False,MA20 < MA60
2025-03-25,28306040.0,28011143558.0,989.0,995.0,985.0,990.0,18.0,58257.0,0.0185185185185186,0.018349138668196617,994.9,1060.3833333333334,0.27451880414532775,45646823.1,0.6201097486672627,False,MA20 < MA60
2025-03-26,25939071.0,25540092915.0,995.0,995.0,980.0,980.0,-10.0,41985.0,-0.010101010101010055,-0.010152371464017962,991.15,1058.8833333333334,0.270129972171961,44285062.8,0.5857295747133953,False,MA20 < MA60
2025-03-27,44589770.0,42834147980.0,961.0,964.0,958.0,958.0,-22.0,170110.0,-0.022448979591836782,-0.022704793693757108,986.05,1057.6,0.2762440023082792,44368476.35,1.0049876323959004,False,MA20 < MA60
2025-03-28,37802947.0,35917004376.0,946.0,955.0,946.0,952.0,-6.0,135642.0,-0.006263048016701411,-0.00628274317949518,981.65,1055.4666666666667,0.27137285675430883,43176278.7,0.8755489851884803,False,MA20 < MA60
2025-03-31,59733510.0,54820217557.0,920.0,924.0,910.0,910.0,-42.0,301446.0,-0.044117647058823484,-0.045120435280469544,976.15,1052.6333333333334,0.30219530120881866,42498983.25,1.4055279781311003,True,MA20 < MA60
2025-04-01,33673400.0,31491275577.0,929.0,946.0,925.0,944.0,34.0,73772.0,0.03736263736263745,0.03668156663460505,973.35,1050.2833333333333,0.3330499856789234,40638682.4,0.8286046203112136,False,MA20 < MA60
2025-04-02,28201820.0,26641223575.0,949.0,952.0,938.0,942.0,-2.0,61150.0,-0.0021186440677966045,-0.0021208915691376244,969.45,1047.9,0.32215929705974106,39794462.3,0.7086870476448177,False,MA20 < MA60
2025-04-07,37652704.0,32012146992.0,848.0,848.0,848.0,848.0,-94.0,219438.0,-0.0997876857749469,-0.10512463878445996,961.6,1043.8666666666666,0.4686884128912909,39211168.0,0.9602545886926909,True,MA20 < MA60
2025-04-08,136580582.0,111279830476.0,797.0,843.0,797.0,816.0,-32.0,425666.0,-0.037735849056603765,-0.03846628082779605,952.15,1039.3,0.4791397993723823,43522260.9,3.138177548124574,False,MA20 < MA60
2025-04-09,122044966.0,97865587721.0,809.0,826.0,780.0,785.0,-31.0,518687.0,-0.03799019607843135,-0.03873063718169855,941.5,1034.4666666666667,0.48915788040863656,46853967.4,2.604794700907228,False,MA20 < MA60
2025-04-10,28397160.0,24506749080.0,863.0,863.0,863.0,863.0,78.0,32126.0,0.09936305732484074,0.0947309733010195,936.1,1031.1,0.623191682277326,45335585.85,0.6263768178480481,True,MA20 < MA60
2025-04-11,81264878.0,70338979303.0,848.0,889.0,836.0,889.0,26.0,188545.0,0.030127462340671984,0.029682544430476545,931.15,1028.0,0.630838948337311,47472469.7,1.7118316892622083,False,MA20 < MA60
2025-04-14,72625129.0,64302226102.0,895.0,903.0,865.0,865.0,-24.0,243019.0,-0.02699662542182224,-0.027367728582025224,926.15,1023.6666666666666,0.6324414694290736,48957941.35,1.483418767157782,False,MA20 < MA60
2025-04-15,35642588.0,31178394103.0,874.0,879.0,865.0,877.0,12.0,66577.0,0.01387283236994219,0.013777485440303711,922.05,1019.45,0.6358138754031243,48620324.75,0.7330800068339732,False,MA20 < MA60
2025-04-16,47199014.0,40541996319.0,867.0,869.0,852.0,855.0,-22.0,178095.0,-0.02508551881413912,-0.02540552343542283,916.3,1015.2833333333333,0.6374877356813657,49229631.95,0.958752120022705,False,MA20 < MA60
2025-04-17,36449601.0,30955774323.0,849.0,856.0,842.0,847.0,-8.0,104874.0,-0.009356725146198785,-0.009400774284705779,910.1,1011.0666666666667,0.6371374493884635,49766304.15,0.7324152681729732,False,MA20 < MA60
2025-04-18,23249139.0,19831869687.0,853.0,858.0,850.0,850.0,3.0,68176.0,0.0035419126328217754,0.003535654832307797,905.0,1006.9,0.6359107332465905,48754083.3,0.4768654731325858,False,MA20 < MA60
2025-04-21,20672773.0,17304529560.0,844.0,847.0,832.0,835.0,-15.0,104189.0,-0.01764705882352946,-0.017804624633506707,897.5,1002.9,0.619660737300578,48188044.15,0.4290021179454738,False,MA20 < MA60
2025-04-22,32057642.0,26346742317.0,826.0,829.0,816.0,816.0,-19.0,133084.0,-0.022754491017964118,-0.02301736988674852,889.7,998.3333333333334,0.6217506050417654,47447440.45,0.6756453392629739,False,MA20 < MA60
2025-04-23,40685613.0,34980602995.0,853.0,873.0,848.0,873.0,57.0,78430.0,0.06985294117647056,0.06752120087549517,884.75,995.1333333333333,0.6803254563788979,48638417.35,0.8364913008420493,True,MA20 < MA60
2025-04-24,34499991.0,30099254355.0,886.0,886.0,859.0,864.0,-9.0,60744.0,-0.010309278350515427,-0.010362787035546547,878.45,991.1166666666667,0.6750709010847872,48948114.9,0.7048277767281289,False,MA20 < MA60
2025-04-25,39651775.0,35411585995.0,900.0,901.0,886.0,888.0,24.0,76758.0,0.02777777777777768,0.027398974188114347,873.85,987.25,0.6852794032890566,49633750.1,0.7988873482279953,False,MA20 < MA60
2025-04-28,25396543.0,22758357535.0,898.0,898.0,893.0,897.0,9.0,43185.0,0.010135135135135087,0.010084119066626008,870.8,983.5333333333333,0.6834254033707414,48674088.75,0.5217672000074167,False,MA20 < MA60
2025-04-29,31146996.0,27990673396.0,897.0,902.0,893.0,902.0,5.0,45912.0,0.00557413600891854,0.005558658003827462,868.3,979.9,0.6838309885241126,48341291.2,0.6443145233985806,False,MA20 < MA60
2025-04-30,39204833.0,35471028626.0,901.0,908.0,899.0,908.0,6.0,46388.0,0.006651884700665134,0.006629858538669583,868.2,976.1166666666667,0.6656809716604629,47314857.35,0.8285945513898924,False,MA20 < MA60
2025-05-02,48129292.0,45206565214.0,938.0,950.0,932.0,950.0,42.0,99509.0,0.04625550660792954,0.04521760599329325,868.5,974.1166666666667,0.672882236312144,48037651.95,1.0019076713011572,True,MA20 < MA60
2025-05-05,56516129.0,53055259965.0,956.0,957.0,923.0,938.0,-12.0,93285.0,-0.012631578947368438,-0.012712035588361861,868.3,971.5,0.6745960054823298,49453367.4,1.142816596145483,False,MA20 < MA60
2025-05-06,43358708.0,40011158770.0,916.0,930.0,916.0,920.0,-18.0,74918.0,-0.019189765458422214,-0.019376278963138722,871.9,968.3333333333334,0.567637696847058,49738667.6,0.8717303878883961,False,MA20 < MA60
2025-05-07,39021595.0,36011806469.0,925.0,932.0,911.0,928.0,8.0,50267.0,0.008695652173912993,0.008658062743114531,877.5,965.2166666666667,0.5451090065971443,44860718.25,0.8698388372326161,False,MA20 < MA60
2025-05-08,30777988.0,28602519292.0,933.0,939.0,918.0,918.0,-10.0,39133.0,-0.010775862068965525,-0.010834342165710118,884.15,961.7666666666667,0.5234515010107432,40297369.35,0.763771643073768,False,MA20 < MA60
2025-05-09,40878730.0,38557125038.0,938.0,949.0,934.0,949.0,31.0,68630.0,0.03376906318082784,0.03321140798943736,888.45,959.1666666666666,0.4121443758506404,40921447.85,0.9989561012074503,False,MA20 < MA60
2025-05-12,25668469.0,24554284001.0,954.0,962.0,952.0,957.0,8.0,44647.0,0.008429926238145313,0.008394592843026296,891.85,956.6166666666667,0.4017162915039482,38141627.4,0.6729778132120289,False,MA20 < MA60
2025-05-13,50960522.0,49747284080.0,990.0,990.0,969.0,969.0,12.0,72252.0,0.012539184952978122,0.012461220437812033,897.05,954.4333333333333,0.3854521744070046,37058397.05,1.3751410221883842,False,MA20 < MA60
2025-05-14,55061671.0,54697821594.0,990.0,999.0,988.0,999.0,30.0,105868.0,0.030959752321981338,0.030490166757787204,903.15,952.9166666666666,0.39475983125598946,38029351.2,1.447873004996204,False,MA20 < MA60
2025-05-15,28518212.0,28422046465.0,1000.0,1000.0,993.0,993.0,-6.0,50265.0,-0.006006006006005982,-0.006024114603380902,910.05,951.8,0.3798336134804268,37095311.1,0.7687821224391888,False,MA20 < MA60
2025-05-16,18079325.0,17966857712.0,991.0,998.0,989.0,998.0,5.0,36183.0,0.0050352467270895485,0.005022612266291304,917.6,950.35,0.37462361960737367,36176797.3,0.4997491859236528,False,MA20 < MA60
2025-05-19,21936885.0,21653317847.0,993.0,994.0,980.0,984.0,-14.0,68821.0,-0.014028056112224463,-0.014127379259210565,924.3,948.4166666666666,0.3828068541847668,36111184.6,0.6074817329587132,False,MA20 < MA60
2025-05-20,24317788.0,23922516474.0,991.0,994.0,978.0,978.0,-6.0,46215.0,-0.0060975609756097615,-0.006116227017436094,931.45,946.55,0.37480910334972306,36293435.35,0.670032686778988,False,MA20 < MA60
2025-05-21,27677478.0,27418826043.0,986.0,999.0,983.0,990.0,12.0,47842.0,0.012269938650306678,0.012195273093818206,940.15,945.05,0.35663001094000546,36074427.15,0.7672326405881681,False,MA20 < MA60
2025-05-22,19671417.0,19321581490.0,988.0,988.0,979.0,982.0,-8.0,41571.0,-0.008080808080808133,-0.008113634774169775,945.6,943.1666666666666,0.28260684090374044,35023717.35,0.5616598833133285,False,MA20 >= MA60
2025-05-23,23744132.0,23343468899.0,993.0,993.0,975.0,984.0,2.0,46204.0,0.0020366598778003286,0.0020345886977874567,951.6,941.65,0.2764598165537822,34485924.4,0.6885166169418385,False,MA20 >= MA60
2025-05-26,20906797.0,20460682166.0,975.0,984.0,975.0,976.0,-8.0,31349.0,-0.008130081300813052,-0.008163310639160981,956.0,940.3333333333334,0.26938285322024125,33548675.5,0.6231780148816903,False,MA20 >= MA60
2025-05-27,29843876.0,28842510221.0,971.0,975.0,961.0,965.0,-11.0,86318.0,-0.01127049180327866,-0.01133448507410653,959.4,938.75,0.27450172040640114,33771042.15,0.8837120236752896,False,MA20 >= MA60
2025-05-28,31929816.0,31118692765.0,984.0,985.0,967.0,967.0,2.0,37776.0,0.002072538860103723,0.002070394114308495,962.65,937.5333333333333,0.2744830177370187,33810183.15,0.9443845914215345,False,MA20 >= MA60
2025-05-29,64850290.0,62982593605.0,986.0,986.0,967.0,967.0,0.0,36958.0,0.0,0.0,965.6,936.65,0.27452576928224526,35092456.0,1.8479837945796669,False,MA20 >= MA60
2025-06-02,40608468.0,38643155297.0,958.0,961.0,946.0,946.0,-21.0,125245.0,-0.02171664943123064,-0.021955926401416078,965.4,935.75,0.23688584054432363,34716414.8,1.169719518387596,False,MA20 >= MA60
2025-06-03,27482916.0,26302041072.0,960.0,965.0,950.0,950.0,4.0,43550.0,0.0042283298097252064,0.0042194155427082896,966.0,934.5833333333334,0.23258262721080036,33264754.15,0.8261872574218319,False,MA20 >= MA60
2025-06-04,43196396.0,42419360833.0,974.0,990.0,970.0,990.0,40.0,73539.0,0.042105263157894646,0.041242958534049,969.5,934.3333333333334,0.26274371464477525,33256638.55,1.2988804005268295,True,MA20 >= MA60
2025-06-05,27047750.0,26936792104.0,1000.0,1000.0,991.0,998.0,8.0,51309.0,0.008080808080808133,0.008048333182828415,973.0,934.2166666666667,0.2626008498032827,32657946.3,0.8282134385161873,False,MA20 >= MA60
2025-06-06,18797346.0,18688985614.0,997.0,997.0,991.0,995.0,-3.0,27283.0,-0.0030060120240480437,-0.003010539152871152,976.85,934.1666666666666,0.2583053908632946,32058914.2,0.5863375747142429,False,MA20 >= MA60
2025-06-09,23952041.0,24100014375.0,1005.0,1010.0,1000.0,1005.0,10.0,56903.0,0.01005025125628145,0.010000083334583399,979.65,934.7333333333333,0.23490575318512444,31212579.75,0.7673842146931158,False,MA20 >= MA60
2025-06-10,55353908.0,57406744645.0,1025.0,1050.0,1020.0,1045.0,40.0,138656.0,0.03980099502487566,0.03902934390573529,984.05,935.6833333333333,0.26855436564566515,32696851.7,1.692943054820168,False,MA20 >= MA60
2025-06-11,46137188.0,48960267029.0,1065.0,1070.0,1055.0,1065.0,20.0,75830.0,0.019138755980861344,0.018957913744614207,988.85,937.35,0.2721584257087605,32455685.0,1.4215441146905388,False,MA20 >= MA60
2025-06-12,28661875.0,30064888046.0,1055.0,1060.0,1045.0,1045.0,0.0,40293.0,-0.018779342723004744,-0.01895791374461416,991.15,938.7833333333333,0.26612490915039827,31135695.2,0.9205471345955365,False,MA20 >= MA60
2025-06-13,31371948.0,32434779823.0,1040.0,1040.0,1025.0,1030.0,-15.0,40938.0,-0.014354066985645897,-0.014458083175229888,993.0,939.7833333333333,0.27121713943918146,31278382.0,1.0029913951431375,False,MA20 >= MA60
2025-06-16,31257555.0,31982385770.0,1030.0,1030.0,1015.0,1025.0,-5.0,38583.0,-0.004854368932038833,-0.004866189651172899,994.35,940.6833333333333,0.27200435815274987,31937293.5,0.9787164651256375,False,MA20 >= MA60
2025-06-17,30890431.0,32183667155.0,1040.0,1050.0,1035.0,1045.0,20.0,30757.0,0.019512195121951237,0.019324272826402842,997.4,942.2333333333333,0.2727071161326667,32384970.8,0.9538508214433838,False,MA20 >= MA60
2025-06-18,41740374.0,43722320684.0,1040.0,1055.0,1030.0,1055.0,10.0,45620.0,0.009569377990430672,0.009523881511255541,1001.25,943.4,0.27132745570515754,33256100.1,1.255119327716962,False,MA20 >= MA60
2025-06-19,25354905.0,26287507815.0,1045.0,1045.0,1030.0,1035.0,-20.0,31893.0,-0.018957345971563955,-0.019139340210697395,1003.5,944.45,0.2810695367915,33139971.45,0.7650853000357669,False,MA20 >= MA60
2025-06-20,67241164.0,70461692958.0,1030.0,1055.0,1025.0,1055.0,20.0,33114.0,0.019323671497584627,0.019139340210697506,1007.15,945.8333333333334,0.2843659128831292,35518458.8,1.893132930643939,False,MA20 >= MA60
2025-06-23,33543038.0,34292190910.0,1025.0,1030.0,1015.0,1020.0,-35.0,56849.0,-0.033175355450236976,-0.033738139631850114,1008.95,946.3333333333334,0.3131770913944107,36008404.1,0.9315335916261837,False,MA20 >= MA60
2025-06-24,30105394.0,31487543196.0,1045.0,1050.0,1040.0,1050.0,30.0,33323.0,0.02941176470588225,0.028987536873252187,1012.65,947.5,0.32522023115484394,36468333.95,0.8255215069949747,False,MA20 >= MA60
2025-06-25,44519173.0,47370306720.0,1060.0,1070.0,1055.0,1070.0,20.0,75075.0,0.01904761904761898,0.018868484304382736,1017.9,949.3666666666667,0.3243183546583633,37202098.8,1.1966844462011914,False,MA20 >= MA60
2025-06-26,39534708.0,42448279645.0,1075.0,1080.0,1065.0,1075.0,5.0,50326.0,0.004672897196261738,0.004662013105811371,1023.3,951.4166666666666,0.32409844668689014,37582343.4,1.0519489851715846,False,MA20 >= MA60
2025-06-27,34877892.0,37353695324.0,1070.0,1080.0,1060.0,1080.0,5.0,38535.0,0.0046511627906977715,0.004640379556502301,1028.95,954.25,0.3234705447733941,36083723.5,0.9665823982937902,False,MA20 >= MA60
2025-06-30,35763093.0,38268458555.0,1075.0,1080.0,1060.0,1060.0,-20.0,39464.0,-0.01851851851851849,-0.01869213301215252,1034.65,956.1833333333333,0.32005156497800824,35841454.75,0.9978136559872754,False,MA20 >= MA60
2025-07-01,52818889.0,57235426744.0,1080.0,1095.0,1075.0,1085.0,25.0,68934.0,0.02358490566037741,0.023311078868447146,1041.4,958.5666666666667,0.32603210610164307,37108253.4,1.4233730817414327,False,MA20 >= MA60
2025-07-02,24453697.0,26349711755.0,1075.0,1085.0,1070.0,1085.0,0.0,26005.0,0.0,0.0,1046.15,962.5166666666667,0.2987898631940141,36171118.45,0.6760558713107749,False,MA20 >= MA60
2025-07-03,39719503.0,43590599965.0,1105.0,1105.0,1090.0,1090.0,5.0,52136.0,0.004608294930875667,0.004597709248629549,1050.75,967.0833333333334,0.29853211754370085,36804706.1,1.0791963096262844,False,MA20 >= MA60
2025-07-04,23556842.0,25635862115.0,1095.0,1100.0,1080.0,1085.0,-5.0,33003.0,-0.004587155963302725,-0.0045977092486294314,1055.25,972.0833333333334,0.29911764144739894,37042680.9,0.6359378270593801,False,MA20 >= MA60
2025-07-07,19949311.0,21467492525.0,1080.0,1085.0,1070.0,1080.0,-5.0,29161.0,-0.004608294930875556,-0.0046189458562945285,1059.0,975.7,0.300039084155872,36842544.4,0.5414748445006964,False,MA20 >= MA60
2025-07-08,29944918.0,32081882384.0,1070.0,1080.0,1065.0,1080.0,0.0,37874.0,0.0,0.0,1060.75,978.8833333333333,0.26823008310176816,35572094.9,0.8418092351372873,False,MA20 >= MA60
2025-07-09,25899845.0,27998741278.0,1070.0,1090.0,1065.0,1090.0,10.0,30492.0,0.0092592592592593,0.009216655104924048,1062.0,982.6333333333333,0.2619717008407161,34560227.75,0.749411872727025,False,MA20 >= MA60
2025-07-10,23947482.0,26242095552.0,1095.0,1100.0,1090.0,1100.0,10.0,34427.0,0.00917431192660545,0.009132483563272474,1064.75,986.35,0.2521766878729277,34324508.1,0.6976788110184163,False,MA20 >= MA60
2025-07-11,30615792.0,33607768195.0,1095.0,1100.0,1090.0,1100.0,0.0,30851.0,0.0,0.0,1068.25,990.4333333333333,0.24433629163586568,34286700.3,0.8929349203078607,False,MA20 >= MA60
2025-07-14,29975913.0,32777573059.0,1100.0,1100.0,1085.0,1095.0,-5.0,29965.0,-0.004545454545454519,-0.004555816535860691,1071.75,994.5666666666667,0.24420020403146528,34222618.2,0.875909400759992,False,MA20 >= MA60
2025-07-15,49458466.0,54619049312.0,1095.0,1115.0,1090.0,1110.0,15.0,62368.0,0.013698630136986356,0.013605652055778678,1075.0,998.9,0.23995447806633619,35151019.95,1.40702790617033,False,MA20 >= MA60
2025-07-16,34513639.0,38866594123.0,1120.0,1130.0,1120.0,1130.0,20.0,65168.0,0.018018018018018056,0.01785761740000647,1078.75,1003.8166666666667,0.24478676706278552,34789683.2,0.992065343095737,False,MA20 >= MA60
2025-07-17,36971364.0,41632558135.0,1130.0,1135.0,1115.0,1130.0,0.0,41463.0,0.0,0.0,1083.5,1009.05,0.23049741114387265,35370506.15,1.0452596817023496,False,MA20 >= MA60
2025-07-18,50467755.0,58221053093.0,1155.0,1160.0,1145.0,1155.0,25.0,70457.0,0.022123893805309658,0.021882711249507587,1088.5,1013.75,0.23308559334508383,34531835.7,1.461484858159452,False,MA20 >= MA60
2025-07-21,32374260.0,37068540960.0,1145.0,1150.0,1135.0,1150.0,-5.0,39350.0,-0.0043290043290042934,-0.00433840159859813,1095.0,1018.5166666666667,0.18941240490095482,34473396.8,0.9391085011964937,False,MA20 >= MA60
2025-07-22,54933274.0,62867010181.0,1145.0,1160.0,1130.0,1130.0,-20.0,59679.0,-0.017391304347826098,-0.017544309650909508,1099.0,1022.55,0.18578181541732433,35714790.8,1.5381099194342756,False,MA20 >= MA60
2025-07-23,31360184.0,35765717715.0,1140.0,1145.0,1135.0,1145.0,15.0,32586.0,0.01327433628318575,0.013187004281953681,1102.75,1026.6833333333334,0.18052987535442233,35056841.35,0.8945524694283388,False,MA20 >= MA60
2025-07-24,16038287.0,18400221444.0,1150.0,1155.0,1145.0,1145.0,0.0,19186.0,0.0,0.0,1106.25,1030.7333333333333,0.18087320986780578,33882020.3,0.47335686768359564,False,MA20 >= MA60
2025-07-25,23026843.0,26418536660.0,1150.0,1155.0,1140.0,1145.0,0.0,25178.0,0.0,0.0,1109.5,1034.6833333333334,0.18113863255413234,33289467.85,0.6917155631251702,False,MA20 >= MA60
2025-07-28,23153187.0,26593770396.0,1155.0,1160.0,1145.0,1145.0,0.0,24043.0,0.0,0.0,1113.75,1037.9333333333334,0.16299551888372735,32658972.55,0.7089380097476459,False,MA20 >= MA60
2025-07-29,41471548.0,47077846101.0,1145.0,1145.0,1125.0,1135.0,-10.0,43297.0,-0.008733624454148492,-0.008771986072836994,1116.25,1041.2166666666667,0.1512097815547908,32091605.5,1.2922864828311567,False,MA20 >= MA60
2025-07-30,37445435.0,43115792626.0,1150.0,1160.0,1145.0,1155.0,20.0,42479.0,0.017621145374449254,0.01746769304039078,1119.75,1045.1333333333334,0.16032022025332976,32741192.4,1.1436796358094765,False,MA20 >= MA60
2025-07-31,35986507.0,41712508468.0,1160.0,1165.0,1155.0,1160.0,5.0,50361.0,0.0043290043290042934,0.00431966114451638,1123.25,1049.0,0.16029026167916488,32554542.6,1.1054219818772695,False,MA20 >= MA60
2025-08-01,45352225.0,51714816380.0,1145.0,1150.0,1130.0,1140.0,-20.0,76135.0,-0.017241379310344862,-0.01739174271186922,1126.0,1052.7,0.17410579184897268,33644311.75,1.34799086802541,False,MA20 >= MA60
2025-08-04,25256974.0,28532556011.0,1130.0,1135.0,1125.0,1135.0,-5.0,47206.0,-0.004385964912280715,-0.0043956114730381085,1128.75,1055.8,0.17398659773733144,33909694.9,0.7448304702971539,False,MA20 >= MA60
2025-08-05,20695955.0,23713307116.0,1145.0,1150.0,1140.0,1150.0,15.0,24124.0,0.013215859030837107,0.013129291441792802,1132.25,1059.0166666666667,0.17770857082379274,33447246.75,0.6187640840721815,False,MA20 >= MA60
2025-08-06,24015506.0,27066744255.0,1130.0,1135.0,1125.0,1125.0,-25.0,55936.0,-0.021739130434782594,-0.021978906718775226,1134.0,1061.6166666666666,0.19674582388438877,33353029.8,0.7200397128539129,False,MA20 >= MA60
2025-08-07,64965686.0,76081290909.0,1160.0,1180.0,1155.0,1180.0,55.0,98335.0,0.04888888888888898,0.047731402821190025,1138.0,1064.6333333333334,0.25788419161698467,35403940.0,1.8349846373030798,True,MA20 >= MA60
2025-08-08,27434505.0,32303933490.0,1180.0,1185.0,1170.0,1175.0,-5.0,43558.0,-0.004237288135593209,-0.004246290881451097,1141.75,1067.6666666666667,0.25911318198128197,35244875.65,0.7783969866269056,False,MA20 >= MA60
2025-08-11,37435809.0,44247026887.0,1170.0,1195.0,1165.0,1180.0,5.0,53135.0,0.004255319148936065,0.004246290881451004,1146.0,1070.7,0.25739863946284686,35617870.45,1.051040068567603,False,MA20 >= MA60
2025-08-12,30137118.0,35563421901.0,1180.0,1190.0,1170.0,1180.0,0.0,37189.0,0.0,0.0,1149.5,1073.9666666666667,0.25504199236407177,34651803.05,0.8697128387955559,False,MA20 >= MA60
2025-08-13,39708109.0,47367251520.0,1185.0,1200.0,1185.0,1200.0,20.0,58632.0,0.016949152542372836,0.016807118316381188,1153.0,1077.6666666666667,0.25424438491867624,34911526.55,1.1373925154241071,False,MA20 >= MA60
2025-08-14,35269337.0,41625421848.0,1185.0,1190.0,1175.0,1175.0,-25.0,55678.0,-0.02083333333333337,-0.02105340919783238,1155.25,1080.75,0.26802740799730496,34826425.2,1.0127176934599649,False,MA20 >= MA60
2025-08-15,23577178.0,27782518177.0,1175.0,1185.0,1170.0,1180.0,5.0,31039.0,0.004255319148936065,0.004246290881451004,1156.5,1084.05,0.2576142231146992,33481896.35,0.7041769006611239,False,MA20 >= MA60
2025-08-18,21182611.0,24952978606.0,1170.0,1185.0,1170.0,1180.0,0.0,29158.0,0.0,0.0,1158.0,1087.3166666666666,0.2568402062443826,32922313.9,0.6434119747579468,False,MA20 >= MA60
2025-08-19,22439999.0,26543054769.0,1180.0,1185.0,1175.0,1185.0,5.0,19138.0,0.004237288135593209,0.004228336109521105,1160.75,1090.8,0.24713059948710905,31297650.15,0.7169867032333737,False,MA20 >= MA60
2025-08-20,73148689.0,84039496961.0,1165.0,1165.0,1135.0,1135.0,-50.0,201335.0,-0.04219409282700426,-0.04311012365372855,1160.25,1093.6333333333334,0.28978759223629635,33387075.4,2.190928319525705,True,MA20 >= MA60
2025-08-21,25030476.0,28695638720.0,1140.0,1155.0,1140.0,1150.0,15.0,39170.0,0.013215859030837107,0.013129291441792802,1160.5,1096.6833333333334,0.29372765479931867,33836684.85,0.739743745906597,False,MA20 >= MA60
2025-08-22,20220071.0,23147345045.0,1155.0,1155.0,1135.0,1135.0,-15.0,37292.0,-0.013043478260869601,-0.013129291441792736,1160.0,1099.4833333333333,0.2975754241118023,33696346.25,0.6000671660358429,False,MA20 >= MA60
2025-08-25,27470807.0,32159334115.0,1165.0,1180.0,1160.0,1170.0,35.0,38754.0,0.03083700440528636,0.03037109787629877,1161.25,1103.2166666666667,0.3174196719417586,33912227.25,0.8100561133152939,False,MA20 >= MA60
2025-08-26,39495275.0,46349348727.0,1165.0,1185.0,1160.0,1175.0,5.0,25751.0,0.004273504273504258,0.004264398786457518,1163.25,1106.9666666666667,0.3153339199990187,33813413.6,1.1680357229593643,False,MA20 >= MA60
2025-08-27,23824689.0,28276839838.0,1190.0,1190.0,1180.0,1190.0,15.0,30477.0,0.012765957446808418,0.012685159527315642,1165.0,1110.3,0.31258657725293587,33132376.3,0.7190757700044593,False,MA20 >= MA60
2025-08-28,20960787.0,24563005745.0,1185.0,1185.0,1160.0,1160.0,-30.0,36728.0,-0.025210084033613467,-0.025533302005164762,1165.0,1113.0,0.32653777032300496,32381090.3,0.6473156649700581,False,MA20 >= MA60
2025-08-29,21820054.0,25485864558.0,1180.0,1185.0,1160.0,1160.0,0.0,25658.0,0.0,0.0,1166.0,1115.75,0.3199928466722359,31204481.75,0.6992602593055403,False,MA20 >= MA60
2025-09-01,23022319.0,26647241918.0,1150.0,1165.0,1145.0,1165.0,5.0,41416.0,0.004310344827586299,0.004301081899390702,1167.5,1118.4166666666667,0.3195175118675922,31092749.0,0.7404401264101801,False,MA20 >= MA60
2025-09-02,14994018.0,17436038175.0,1170.0,1175.0,1155.0,1160.0,-5.0,24784.0,-0.0042918454935622075,-0.0043010818993905854,1168.0,1120.3333333333333,0.3170352357896227,30807652.15,0.48669784789166415,False,MA20 >= MA60
2025-09-03,20211322.0,23350634915.0,1155.0,1160.0,1145.0,1160.0,0.0,29992.0,0.0,0.0,1169.75,1121.9166666666667,0.30589416772736877,30617442.95,0.6601244275364936,False,MA20 >= MA60
2025-09-04,25311450.0,29560102956.0,1170.0,1175.0,1160.0,1160.0,0.0,22577.0,0.0,0.0,1168.75,1123.8333333333333,0.25000366943604996,28634731.15,0.8839422960672708,False,MA20 >= MA60
2025-09-05,27931124.0,32835192457.0,1175.0,1180.0,1170.0,1180.0,20.0,24609.0,0.01724137931034475,0.01709443335930004,1169.0,1126.3333333333333,0.2575257261382259,28659562.1,0.9745830694321739,False,MA20 >= MA60
2025-09-08,28393035.0,33731539720.0,1195.0,1195.0,1180.0,1180.0,0.0,35672.0,0.0,0.0,1169.0,1128.9166666666667,0.2571099474128793,28207423.4,1.0065802394415082,False,MA20 >= MA60
2025-09-09,35720097.0,42775822699.0,1195.0,1200.0,1190.0,1200.0,20.0,46420.0,0.016949152542372836,0.016807118316381188,1170.0,1131.5,0.26394825834262187,28486572.35,1.253927519293138,False,MA20 >= MA60
2025-09-10,43516678.0,53209559355.0,1220.0,1230.0,1215.0,1225.0,25.0,82407.0,0.02083333333333326,0.02061928720273561,1171.25,1134.3333333333333,0.26740388476379906,28677000.8,1.5174766114314158,False,MA20 >= MA60
2025-09-11,34811140.0,43495621610.0,1255.0,1260.0,1235.0,1240.0,15.0,68103.0,0.012244897959183598,0.012170535620255114,1174.5,1137.75,0.2568794331894019,28654090.95,1.214875043872226,False,MA20 >= MA60
2025-09-12,28224895.0,35417505350.0,1255.0,1260.0,1250.0,1260.0,20.0,49823.0,0.016129032258064502,0.016000341346441117,1178.5,1141.1666666666667,0.26118029225942246,28886476.8,0.9770971792586349,False,MA20 >= MA60
2025-09-15,26019117.0,32646870966.0,1260.0,1260.0,1250.0,1255.0,-5.0,34329.0,-0.003968253968253954,-0.003976148379639406,1182.25,1145.0833333333333,0.2622461100800521,29128302.1,0.8932589654788015,False,MA20 >= MA60
2025-09-16,42279997.0,53953521005.0,1265.0,1285.0,1260.0,1280.0,0.0,69019.0,0.019920318725099584,0.019724505347778573,1187.0,1148.9166666666667,0.2688805446326998,30120302.0,1.4037042855679203,False,MA20 >= MA60
2025-09-17,32019276.0,40619705144.0,1270.0,1275.0,1265.0,1265.0,-15.0,43783.0,-0.01171875,-0.01178795575204224,1193.5,1152.1666666666667,0.21599812108615662,28063831.35,1.140944570278712,False,MA20 >= MA60
2025-09-18,26442220.0,33782903646.0,1275.0,1285.0,1265.0,1285.0,20.0,32050.0,0.015810276679841806,0.015686596167699473,1200.25,1155.6666666666667,0.2174151018404307,28134418.55,0.9398530825510876,False,MA20 >= MA60
2025-09-19,48894096.0,62155805270.0,1285.0,1290.0,1265.0,1265.0,-20.0,45216.0,-0.015564202334630295,-0.015686596167699508,1206.75,1158.75,0.2204532003014675,29568119.8,1.6536085598516819,False,MA20 >= MA60
2025-09-22,30411595.0,39134679853.0,1270.0,1295.0,1270.0,1295.0,30.0,45424.0,0.02371541501976293,0.023438572972017596,1213.0,1162.6666666666667,0.21084960417764223,29715159.2,1.0234370543099767,False,MA20 >= MA60
2025-09-23,37523254.0,49887403390.0,1320.0,1340.0,1315.0,1340.0,45.0,84161.0,0.03474903474903468,0.03415891881131886,1221.25,1166.9166666666667,0.23544328288773192,29616558.15,1.2669687615270717,False,MA20 >= MA60
2025-09-24,47820358.0,64029838375.0,1350.0,1355.0,1325.0,1340.0,0.0,86987.0,0.0,0.0,1228.75,1171.1666666666667,0.23543873261702683,30816341.6,1.5517856928221485,False,MA20 >= MA60
2025-09-25,27800815.0,36807736035.0,1320.0,1330.0,1320.0,1320.0,-20.0,51802.0,-0.014925373134328401,-0.015037877364540559,1236.75,1175.0,0.21962213780665055,31158343.0,0.8922430502803054,False,MA20 >= MA60
2025-09-26,29378983.0,38254039082.0,1310.0,1315.0,1295.0,1300.0,-20.0,103337.0,-0.015151515151515138,-0.01526747213078842,1243.75,1178.5833333333333,0.2318786710690572,31536289.45,0.9315928890930445,False,MA20 >= MA60
2025-09-30,44853467.0,58790965499.0,1310.0,1320.0,1305.0,1305.0,5.0,44278.0,0.0038461538461538325,0.003838776307165667,1250.75,1182.3333333333333,0.2319244488619857,32627846.85,1.37469895596252,False,MA20 >= MA60
2025-10-01,36184828.0,48288398204.0,1325.0,1350.0,1325.0,1325.0,20.0,47879.0,0.015325670498084198,0.015209418663528707,1259.0,1186.4166666666667,0.23106520840313013,33687387.35,1.0741357774069114,False,MA20 >= MA60
2025-10-02,32693509.0,44593995225.0,1360.0,1370.0,1355.0,1365.0,40.0,61282.0,0.030188679245283012,0.029741969198737516,1269.25,1191.0,0.24382653256882392,34311496.7,0.952844152671428,False,MA20 >= MA60
2025-10-03,34379158.0,47632272752.0,1365.0,1400.0,1365.0,1400.0,35.0,72813.0,0.02564102564102555,0.025317807984289786,1281.25,1196.0,0.249204337988708,34764882.1,0.9889047775599964,False,MA20 >= MA60
2025-10-07,42424519.0,60729023099.0,1420.0,1445.0,1420.0,1435.0,35.0,93554.0,0.02499999999999991,0.024692612590371414,1294.0,1201.5833333333333,0.2538532618376638,35489551.85,1.1954086988562522,False,MA20 >= MA60
2025-10-08,27708676.0,39151506624.0,1410.0,1420.0,1405.0,1415.0,-20.0,89683.0,-0.013937282229965153,-0.01403531811638348,1305.75,1206.9166666666667,0.26564642618483797,35455333.9,0.7815093796084657,False,MA20 >= MA60
2025-10-09,42507551.0,61324929553.0,1440.0,1455.0,1430.0,1440.0,25.0,76865.0,0.0176678445229681,0.01751358249270821,1317.75,1212.4166666666667,0.26593462905639315,35794706.6,1.1875373494470827,False,MA20 >= MA60
2025-10-13,60321869.0,84889085424.0,1390.0,1420.0,1390.0,1415.0,-25.0,196489.0,-0.01736111111111116,-0.017513582492708357,1327.25,1217.1666666666667,0.2782218601286064,36634966.15,1.646565435682817,False,MA20 >= MA60
2025-10-14,44821332.0,64625249986.0,1455.0,1460.0,1420.0,1425.0,10.0,95057.0,0.007067137809187329,0.007042282625412951,1336.5,1222.0833333333333,0.2776276322218754,37135475.75,1.2069680297552132,False,MA20 >= MA60
2025-10-15,45432176.0,65812420573.0,1435.0,1465.0,1425.0,1465.0,40.0,64888.0,0.02807017543859658,0.027683428748416866,1346.75,1227.25,0.28587909902317127,37995839.8,1.195714484510486,False,MA20 >= MA60
2025-10-16,42490828.0,62810575702.0,1465.0,1495.0,1465.0,1485.0,20.0,85709.0,0.013651877133105783,0.013559529785632294,1358.25,1232.8333333333333,0.28315418188230707,38819425.35,1.0945764296327998,False,MA20 >= MA60
2025-10-17,43864962.0,63869792469.0,1455.0,1465.0,1450.0,1450.0,-35.0,145330.0,-0.023569023569023573,-0.02385121582217991,1366.75,1238.1666666666667,0.30157492698495636,38898673.6,1.1276724355968786,False,MA20 >= MA60
2025-10-20,34972122.0,51667454455.0,1460.0,1495.0,1455.0,1480.0,30.0,58105.0,0.020689655172413834,0.0204785313435407,1377.5,1243.75,0.29762943037409706,39046315.9,0.8956574056708895,False,MA20 >= MA60
2025-10-21,37067269.0,55189404010.0,1485.0,1500.0,1480.0,1480.0,0.0,72080.0,0.0,0.0,1387.25,1249.3333333333333,0.2974499466799427,39577568.35,0.9365726734952375,False,MA20 >= MA60
2025-10-22,30679057.0,44813844075.0,1460.0,1470.0,1455.0,1460.0,-20.0,118929.0,-0.013513513513513487,-0.013605652055778598,1397.0,1254.5833333333333,0.2954456724999295,38666816.4,0.7934208154773249,False,MA20 >= MA60
2025-10-23,26134949.0,37826608364.0,1440.0,1455.0,1435.0,1450.0,-10.0,76976.0,-0.006849315068493178,-0.006872879287762064,1404.75,1259.6666666666667,0.2929108990814906,38452984.1,0.6796598394557368,False,MA20 >= MA60
2025-10-27,36024098.0,53691483433.0,1500.0,1500.0,1480.0,1480.0,30.0,55954.0,0.020689655172413834,0.0204785313435407,1411.75,1265.4166666666667,0.278391876407268,38378026.3,0.9386646858387296,False,MA20 >= MA60
2025-10-28,35135504.0,51949405737.0,1480.0,1490.0,1470.0,1475.0,-5.0,61044.0,-0.0033783783783783994,-0.0033840979842405684,1418.5,1270.75,0.27947319297626827,37743783.6,0.9308951209650322,False,MA20 >= MA60
2025-10-29,32775105.0,49265956549.0,1495.0,1515.0,1490.0,1505.0,30.0,62605.0,0.02033898305084736,0.020134908409055807,1427.75,1276.5,0.27418076741621067,37992498.1,0.8626730707133996,False,MA20 >= MA60
2025-10-30,30058497.0,45379071459.0,1515.0,1520.0,1500.0,1505.0,0.0,62893.0,0.0,0.0,1438.0,1282.5833333333333,0.2632049654065189,38026473.8,0.7904623804482235,False,MA20 >= MA60
2025-10-31,33838761.0,51073519270.0,1515.0,1525.0,1500.0,1500.0,-5.0,45696.0,-0.0033222591362126463,-0.003327790092674691,1447.75,1288.6666666666667,0.2657348280294904,37475738.5,0.9029511453123199,False,MA20 >= MA60
2025-11-03,30913479.0,46512471060.0,1510.0,1520.0,1490.0,1510.0,10.0,71467.0,0.006666666666666599,0.006644542718668511,1457.0,1294.6666666666667,0.2639601322654076,37212171.05,0.8307357009206267,False,MA20 >= MA60
2025-11-04,35922791.0,54169421541.0,1520.0,1525.0,1495.0,1505.0,-5.0,70678.0,-0.0033112582781457123,-0.0033167526259939265,1464.0,1301.0,0.2508604982647422,37373635.15,0.9611800098069936,False,MA20 >= MA60
2025-11-05,63423241.0,93109323845.0,1480.0,1485.0,1455.0,1460.0,-45.0,248089.0,-0.029900332225913595,-0.030356462480593954,1467.0,1305.6666666666667,0.26722119828049934,38825839.3,1.6335317444122839,False,MA20 >= MA60
2025-11-06,29955147.0,44104541986.0,1470.0,1480.0,1465.0,1465.0,5.0,74015.0,0.003424657534246478,0.003418806748785461,1468.5,1310.5,0.25346333278628036,38202370.7,0.7841174893368593,False,MA20 >= MA60
2025-11-07,23551721.0,34382089105.0,1460.0,1465.0,1455.0,1460.0,-5.0,78941.0,-0.0034129692832765013,-0.003418806748785609,1470.75,1315.1666666666667,0.2478418506654021,37994522.95,0.6198714754490686,False,MA20 >= MA60
2025-11-10,26579263.0,39203254959.0,1470.0,1485.0,1465.0,1475.0,15.0,44799.0,0.010273972602739656,0.010221554071538009,1472.5,1320.0833333333333,0.2428562565971728,37198108.55,0.7145326479241108,False,MA20 >= MA60
2025-11-11,24857058.0,36769705255.0,1490.0,1495.0,1465.0,1465.0,-10.0,67666.0,-0.006779661016949157,-0.006802747322752523,1475.0,1324.5,0.23483705850635062,35424868.0,0.7016838566625004,False,MA20 >= MA60
2025-11-12,25998385.0,38344962465.0,1470.0,1485.0,1460.0,1475.0,10.0,38420.0,0.006825938566553003,0.00680274732275262,1477.5,1329.5,0.23476742688266858,34483720.65,0.7539321311605626,False,MA20 >= MA60
2025-11-13,23920639.0,35016372835.0,1460.0,1470.0,1460.0,1460.0,-15.0,73841.0,-0.01016949152542368,-0.010221554071538028,1477.25,1334.1666666666667,0.21661762427019582,33408143.8,0.7160122137644773,False,MA20 >= MA60
2025-11-14,32778804.0,46933830385.0,1425.0,1440.0,1425.0,1430.0,-30.0,216630.0,-0.020547945205479423,-0.020761991448429128,1474.5,1338.3333333333333,0.2218129389099636,32922542.6,0.9956340370867953,False,MA20 >= MA60
2025-11-17,34872653.0,50497384300.0,1450.0,1460.0,1445.0,1445.0,15.0,52588.0,0.010489510489510412,0.010434877292579494,1474.25,1342.6666666666667,0.21010137475545418,32472927.15,1.073899277355414,False,MA20 >= MA60
2025-11-18,49856799.0,70572614780.0,1435.0,1435.0,1405.0,1405.0,-40.0,272962.0,-0.02768166089965396,-0.028072018778686376,1470.5,1347.1666666666667,0.21670745246183265,33217161.0,1.500934983576712,False,MA20 >= MA60
2025-11-19,42661060.0,59869558425.0,1400.0,1415.0,1395.0,1395.0,-10.0,109706.0,-0.007117437722419906,-0.007142887512380113,1466.25,1351.25,0.21708736808948315,33496850.55,1.2735842116356817,False,MA20 >= MA60
2025-11-20,28295025.0,41079763730.0,1450.0,1460.0,1440.0,1455.0,60.0,54456.0,0.043010752688172005,0.04211148535012685,1466.0,1356.5833333333333,0.2672372967503215,33377648.95,0.8477237280069123,True,MA20 >= MA60
2025-11-21,64673494.0,90158936045.0,1395.0,1405.0,1385.0,1385.0,-70.0,347100.0,-0.04810996563573888,-0.04930576098415407,1462.75,1360.1666666666667,0.31673646126535354,35304576.2,1.831872832395025,True,MA20 >= MA60
2025-11-24,88861648.0,122824394320.0,1400.0,1405.0,1375.0,1375.0,-10.0,142090.0,-0.0072202166064981865,-0.007246408520767198,1457.5,1363.5,0.3053919557644903,37946453.7,2.3417642318444107,False,MA20 >= MA60
2025-11-25,31006765.0,43841816781.0,1425.0,1425.0,1405.0,1415.0,40.0,50628.0,0.029090909090909056,0.028675799976666298,1454.5,1367.25,0.326571904009087,37740016.75,0.8215885330787512,False,MA20 >= MA60
2025-11-26,31659935.0,45354786526.0,1430.0,1440.0,1425.0,1440.0,25.0,47642.0,0.0176678445229681,0.01751358249270821,1451.25,1371.9166666666667,0.32429199482537835,37684258.25,0.8401368759858767,False,MA20 >= MA60
2025-11-27,24202285.0,34888318204.0,1450.0,1455.0,1430.0,1435.0,-5.0,47132.0,-0.00347222222222221,-0.0034782643763248086,1447.75,1376.5,0.3242413158558431,37391447.65,0.6472679321363478,False,MA20 >= MA60
2025-11-28,26130506.0,37773913469.0,1440.0,1455.0,1435.0,1440.0,5.0,38594.0,0.0034843205574912606,0.0034782643763247925,1444.75,1381.0833333333333,0.32482287551758193,37006034.9,0.706114720764099,False,MA20 >= MA60
2025-12-01,33722188.0,47998505254.0,1445.0,1445.0,1410.0,1410.0,-30.0,102798.0,-0.02083333333333337,-0.02105340919783238,1439.75,1385.25,0.32989949564536775,37146470.35,0.9078167503470488,False,MA20 >= MA60
2025-12-02,27923064.0,39916596995.0,1430.0,1440.0,1420.0,1430.0,20.0,34886.0,0.014184397163120588,0.014084739881739023,1436.0,1389.75,0.33562713490837015,36746484.0,0.7598839660414858,False,MA20 >= MA60
2025-12-03,25462840.0,36775822053.0,1440.0,1450.0,1435.0,1450.0,20.0,32546.0,0.013986013986013957,0.013889112160667093,1435.5,1394.5833333333333,0.3237726605827324,34848463.95,0.730673238181564,False,MA20 >= MA60
2025-12-04,21934952.0,31600541870.0,1445.0,1450.0,1430.0,1445.0,-5.0,44721.0,-0.0034482758620689724,-0.0034542348680875576,1434.5,1399.0,0.3236866810213311,34447454.2,0.636765546523319,False,MA20 >= MA60
2025-12-05,22539737.0,32677962256.0,1445.0,1460.0,1440.0,1460.0,15.0,35327.0,0.01038062283737018,0.010327114155849524,1434.5,1403.6666666666667,0.3257307390703138,34396855.0,0.6552848218245534,False,MA20 >= MA60
2025-12-08,27405663.0,40634878504.0,1465.0,1495.0,1460.0,1495.0,35.0,65198.0,0.023972602739726012,0.023689771122404665,1435.5,1408.5833333333333,0.3348511630742975,34438175.0,0.7957931278297994,False,MA20 >= MA60
2025-12-09,27555343.0,40931363559.0,1495.0,1500.0,1480.0,1480.0,-15.0,47501.0,-0.010033444816053505,-0.010084119066626047,1436.25,1412.8333333333333,0.33603615515103324,34573089.25,0.7970170903949522,False,MA20 >= MA60
2025-12-10,26387641.0,39493603134.0,1490.0,1505.0,1485.0,1505.0,25.0,53469.0,0.016891891891891886,0.01675081042481535,1437.75,1417.25,0.3403329970618622,34592552.05,0.7628127858811736,False,MA20 >= MA60
2025-12-11,31820417.0,47234941277.0,1510.0,1515.0,1465.0,1470.0,0.0,107208.0,-0.023255813953488413,-0.02353049741019416,1438.25,1420.75,0.3491992918617688,34987540.95,0.9094785210962361,False,MA20 >= MA60
2025-12-12,24025183.0,35489107425.0,1475.0,1485.0,1470.0,1480.0,10.0,41662.0,0.006802721088435382,0.006779686985378769,1440.75,1424.5,0.340650786592238,34549859.9,0.6953771468115273,False,MA20 >= MA60
2025-12-15,28160888.0,40860472555.0,1450.0,1455.0,1445.0,1450.0,-30.0,92871.0,-0.020270270270270285,-0.020478531343540676,1441.0,1427.3333333333333,0.3478336777858507,34214271.65,0.8230743091092515,False,MA20 >= MA60
2025-12-16,36751412.0,52683827934.0,1435.0,1445.0,1425.0,1435.0,-15.0,151564.0,-0.010344827586206917,-0.010398707220898622,1442.5,1430.1666666666667,0.3344554683053375,33559002.3,1.0951282660748232,False,MA20 >= MA60
2025-12-17,33103549.0,47488282612.0,1435.0,1445.0,1425.0,1430.0,-5.0,81434.0,-0.0034843205574912606,-0.003490404939768491,1444.25,1432.5833333333333,0.33349454673796136,33081126.75,1.0006777958371686,False,MA20 >= MA60
2025-12-18,33103697.0,47179906765.0,1420.0,1435.0,1415.0,1430.0,0.0,74330.0,0.0,0.0,1443.0,1435.3333333333333,0.29514448907346713,33321560.35,0.9934617902729755,False,MA20 >= MA60
2025-12-19,42614140.0,61256957568.0,1455.0,1455.0,1430.0,1430.0,0.0,46795.0,0.0,0.0,1445.25,1437.5833333333333,0.23615864352086816,32218592.65,1.3226567796715976,False,MA20 >= MA60
2025-12-22,23919483.0,34974497115.0,1465.0,1470.0,1455.0,1465.0,35.0,38482.0,0.02447552447552437,0.024180798197214613,1449.75,1439.6666666666667,0.24683012467316712,28971484.4,0.825621589482657,False,MA20 >= MA60
2025-12-23,22337117.0,33151333901.0,1475.0,1490.0,1470.0,1490.0,25.0,50811.0,0.017064846416382284,0.016920877488337177,1453.5,1442.1666666666667,0.23348797817880262,28538002.0,0.7827148165453208,False,MA20 >= MA60
2025-12-24,13707427.0,20441056275.0,1495.0,1500.0,1485.0,1495.0,5.0,35055.0,0.003355704697986628,0.003350086885282027,1456.25,1445.0833333333333,0.22673921257984533,27640376.6,0.4959204137616562,False,MA20 >= MA60
2025-12-26,20806344.0,31326715665.0,1505.0,1510.0,1495.0,1510.0,15.0,57478.0,0.010033444816053505,0.009983443984183205,1460.0,1448.5833333333333,0.22750436644501162,27470579.55,0.757404624905338,False,MA20 >= MA60
2025-12-29,24010398.0,36576386420.0,1515.0,1530.0,1510.0,1530.0,20.0,68156.0,0.013245033112582849,0.0131580845775112,1464.5,1452.3333333333333,0.23059742187051446,27364574.15,0.8774263348074065,False,MA20 >= MA60
2025-12-30,21819219.0,33198645416.0,1515.0,1530.0,1510.0,1520.0,-10.0,44833.0,-0.006535947712418277,-0.006557400546159052,1470.0,1455.5833333333333,0.2160097650096461,26769425.7,0.815079831914362,False,MA20 >= MA60
2025-12-31,31389568.0,48402721875.0,1520.0,1550.0,1515.0,1550.0,30.0,60286.0,0.019736842105263053,0.019544596072970127,1476.0,1458.6666666666667,0.22038746925806635,26942750.9,1.165046884652005,False,MA20 >= MA60
